Mesh,Class,Number of faces,Number of vertices,Type of faces,Bounding box volume,Centroid,Normalized number of faces,Normalized number of vertices,Normalized bounding box volume,Normalized centroid
52,Glasses,20444,10251,triangles,0.02937965675203397,[-0.00105964 -0.00123835 -0.00038879],20444,10251,0.029567242970119003,[ 3.35335874e-18  4.02822726e-18 -8.80104366e-18]
56,Glasses,17538,8771,triangles,0.08779089560881598,[ 1.76374959e-16  2.99264028e-17 -7.05012506e-17],17538,8771,0.08779089560881603,[ 8.73077564e-18 -5.91756087e-18  1.61071577e-18]
57,Glasses,20444,10238,triangles,0.07407044560741984,[-0.00058722  0.01115816 -0.0017238 ],20444,10238,0.07925922973700153,[-5.84499131e-18  3.71913327e-17  2.74166962e-17]
46,Glasses,19136,9570,triangles,0.03591202840620416,[ 2.60931403e-05 -6.14700256e-05  5.03791843e-05],19136,9570,0.03590640664738836,[-2.82776241e-19 -4.08278137e-17  6.43236190e-17]
54,Glasses,20444,10228,triangles,0.07410016263024352,[-0.00021577 -0.00159092 -0.01372849],20444,10228,0.0805550354197845,[-1.45996282e-18 -3.47487432e-18  4.85044152e-17]
43,Glasses,20444,10225,triangles,0.06319175978130304,[ 0.00171122 -0.00059377  0.00722676],20444,10225,0.06261570256893258,[-6.13934331e-17  1.05308318e-17  5.33178500e-17]
42,Glasses,20444,10252,triangles,0.07608710031664252,[-0.01099711 -0.01333867 -0.00550496],20444,10252,0.08133674165465496,[ 1.09736319e-16 -5.49818677e-17  1.41684200e-16]
47,Glasses,16208,8106,triangles,0.009699974079248556,[ 4.01731084e-06 -1.68952839e-05  4.64439077e-05],16208,8106,0.009699740276139502,[-1.74114362e-17 -3.92712312e-18  5.62147992e-18]
55,Glasses,22784,11394,triangles,0.06994845306322707,[2.4580336e-05 7.4899607e-05 1.7178297e-04],22784,11394,0.0699381379385579,[-4.25809603e-17  2.34962616e-17  2.74340260e-16]
44,Glasses,20444,10224,triangles,0.06907169623736774,[-1.06158450e-03 -4.13581941e-05 -1.17294315e-04],20444,10224,0.06912032935684848,[ 8.04108128e-18  3.56174836e-18 -8.08234543e-17]
53,Glasses,19952,9978,triangles,0.042602354216504074,[ 3.38634815e-05 -8.47379795e-05  5.64951666e-05],19952,9978,0.04259369940464402,[-2.03034623e-17  5.12510125e-17  7.45141794e-17]
58,Glasses,20444,10281,triangles,0.01420742535136623,[-0.00741809  0.00207929 -0.00053542],20444,10281,0.013593382727411887,[-3.85651588e-18  3.86292766e-18  6.73189471e-17]
50,Glasses,20444,10227,triangles,0.07455484829940112,[-0.00016983  0.0097379  -0.00078671],20444,10227,0.07908624087141658,[-4.74398613e-18  9.87606724e-18  3.35427366e-19]
59,Glasses,23144,11574,triangles,0.05792815790527752,[ 7.20093468e-06 -1.21566458e-04  6.56149083e-05],23144,11574,0.057925655156080565,[-7.51803435e-18  1.53646080e-17  7.96827708e-17]
41,Glasses,20444,10234,triangles,0.06995457961730649,[ 0.00042261  0.00529194 -0.00275047],20444,10234,0.07222361397017732,[7.42842697e-18 6.40189918e-18 1.53572354e-17]
60,Glasses,18984,9494,triangles,0.035015204437064976,[ 2.96155925e-05 -7.46915029e-05  6.81885087e-05],18984,9494,0.03500898319790045,[-2.37123945e-17  6.38050809e-19 -1.15619484e-16]
45,Glasses,20444,10225,triangles,0.07536455867169393,[-0.0009222  -0.00080602  0.00656872],20444,10225,0.07247063284572915,[ 3.91428264e-18 -4.13551290e-18 -8.49632779e-18]
51,Glasses,22848,11426,triangles,0.07952940016904891,[ 1.77782994e-05 -1.80223983e-04  7.77962207e-05],22848,11426,0.07952091738737471,[-1.43296115e-17 -6.07654231e-18  1.36708234e-16]
49,Glasses,24880,12440,triangles,0.07604434858864777,[ 5.58297093e-07 -1.72725409e-04  6.97232094e-05],24880,12440,0.07604460332124938,[-1.42325415e-17  1.36917094e-16  2.69365184e-16]
48,Glasses,20444,10242,triangles,0.088554851778648,[-0.03386655 -0.00844172 -0.00141881],20444,10242,0.10933835165637776,[-2.71839061e-16  9.57813967e-17  2.23058136e-17]
313,Bust,21700,10852,triangles,0.5485309294006627,[4.87666384e-17 1.90135412e-17 1.43161684e-16],21700,10852,0.5485309294006627,[-5.83399078e-18  6.83403041e-18  3.16636589e-18]
305,Bust,20444,10224,triangles,0.5750405926034518,[-0.00015865  0.01456587 -0.00497278],20444,10224,0.5287228528209155,[-1.94375901e-18 -3.05707685e-17 -1.84657106e-17]
309,Bust,20444,10224,triangles,0.34144351502105225,[-0.00053866  0.00202102 -0.00466224],20444,10224,0.3511757911057267,[-3.46863253e-17  1.75426966e-17 -2.79564669e-17]
301,Bust,18500,9252,triangles,0.2289137828992296,[ 3.33339903e-16  9.82454978e-17 -1.84305932e-17],18500,9252,0.2289137828992296,[ 2.36096390e-18 -1.69887402e-17  2.54846103e-18]
310,Bust,16522,8263,triangles,0.5484855872898395,[ 1.15626846e-15 -8.04023232e-18 -8.96253502e-17],16522,8263,0.5484855872898395,[-4.34992986e-19 -4.08897605e-18  4.64216453e-18]
303,Bust,20444,10224,triangles,0.36654918594122965,[ 0.00062392 -0.02174695 -0.00381135],20444,10224,0.4188601443184269,[-3.54003038e-18 -1.40976823e-17 -6.81808765e-18]
306,Bust,20444,10224,triangles,0.2665495610631146,[-0.00398321  0.03329419  0.00776788],20444,10224,0.32776181254262654,[ 2.18265677e-17 -7.62355315e-17 -4.19428446e-19]
314,Bust,20444,10224,triangles,0.23878670196673976,[-0.00049963  0.06399956  0.0088138 ],20444,10224,0.3601300497553205,[-8.81614161e-18  9.20136424e-17  1.92380562e-17]
308,Bust,20444,10224,triangles,0.6909651960182422,[ 4.88802969e-03  1.89538566e-02 -3.88557773e-05],20444,10224,0.671090302101185,[-1.35764509e-17  2.09307011e-17  1.64635845e-17]
304,Bust,20444,10224,triangles,0.20823910368976817,[ 0.07793601 -0.00284291  0.00449118],20444,10224,0.14125214535285022,[ 4.24733062e-16 -5.03585610e-18 -1.27525251e-17]
312,Bust,20444,10224,triangles,0.4279461042293497,[ 0.05320796 -0.01020681  0.00639786],20444,10224,0.5997673393565236,[-4.30776089e-17  4.25862397e-17  1.25367027e-17]
315,Bust,20444,10224,triangles,0.4809436547414346,[-0.0322361   0.03130609 -0.04356759],20444,10224,0.4008388790512667,[-1.49140068e-16  1.53654693e-18  6.56045814e-17]
318,Bust,20444,10224,triangles,0.6244479761621003,[-0.02827572  0.01206169 -0.00753742],20444,10224,0.612659562587873,[-8.12252369e-18  2.19215838e-17  1.91579712e-17]
307,Bust,20444,10224,triangles,0.845549054255525,[-0.02481137  0.01296615  0.02450369],20444,10224,0.758122350111241,[ 3.78937991e-17 -6.48553112e-18 -5.66839220e-18]
319,Bust,20444,10224,triangles,0.3285670496676962,[-0.02594753 -0.00255227  0.01478463],20444,10224,0.3061450201092078,[-4.60353260e-17 -1.73021021e-17 -3.79521662e-18]
317,Bust,20444,10224,triangles,0.3355797591621878,[-0.00022898 -0.02876938 -0.02015792],20444,10224,0.40087157272088336,[-5.44306818e-19  9.14381160e-17 -1.27704424e-16]
311,Bust,20444,10224,triangles,0.3263504545035275,[0.00578288 0.04477342 0.00350826],20444,10224,0.4324256111884526,[1.57183864e-18 2.73917995e-17 2.39298181e-17]
316,Bust,20444,10224,triangles,0.46291778964948294,[-0.00743554  0.02439992  0.00663806],20444,10224,0.4012601627281168,[ 2.23016484e-18 -3.01065467e-18 -8.44557861e-18]
302,Bust,20444,10224,triangles,0.32563149863762286,[-0.00148913  0.04906727  0.0271279 ],20444,10224,0.4439163662833372,[ 4.22143193e-19  1.06494104e-16 -2.04963415e-18]
320,Bust,20444,10224,triangles,0.5706513462791706,[-0.00656813  0.02695045  0.02633304],20444,10224,0.6760380931865976,[-1.51795091e-17  2.54616142e-17  3.47487645e-19]
101,Chair,16998,8499,triangles,0.22244273859203564,[ 1.24398798e-16  1.72052565e-16 -3.20337029e-17],16998,8499,0.22244273859203592,[ 1.10186271e-17  5.10893311e-17 -4.34017649e-18]
116,Chair,20444,10240,triangles,0.3426243637903973,[ 0.00141091  0.03645895 -0.02186137],20444,10240,0.3365548742987381,[ 1.22243795e-17 -1.99498621e-16 -4.34710861e-17]
107,Chair,22854,11421,triangles,0.36708025787899395,[-4.52811280e-17 -9.49749332e-17  6.71470584e-18],22854,11421,0.36708025787899395,[5.21161299e-18 5.92427585e-18 3.81605749e-18]
117,Chair,20444,10253,triangles,0.2944578586875458,[-0.00198122  0.03466731 -0.00049467],20444,10253,0.24081429947353697,[ 4.05938490e-17 -2.34983852e-15 -1.00567603e-17]
102,Chair,20444,10256,triangles,0.5496002040327485,[0.0129971  0.0018916  0.02230497],20444,10256,0.5558854561278902,[-7.49503380e-18  5.98087189e-18  2.25162236e-17]
112,Chair,20444,10260,triangles,0.29252342033551376,[ 0.00182414 -0.0380432  -0.01123907],20444,10260,0.37090830820978216,[ 4.20147997e-17 -9.17137819e-16 -4.24719822e-19]
119,Chair,24652,12326,triangles,0.24680725314587093,[-1.25170418e-15  2.31743519e-15 -1.26145331e-16],24652,12326,0.24680725314587124,[ 7.47011391e-16 -5.72580907e-16  5.43987665e-17]
120,Chair,20242,10121,triangles,0.15801000581607402,[-9.79244461e-16 -5.16630509e-16  3.36511330e-16],20242,10121,0.15801000581607388,[ 2.96149057e-17 -5.96411677e-17  2.12808287e-17]
106,Chair,20444,10322,triangles,0.3027956843572241,[ 0.02103302 -0.0026662   0.00766665],20444,10322,0.28928359333657144,[-6.57292473e-17  2.37974079e-18  7.59601159e-17]
113,Chair,21500,10748,triangles,0.22072525768922932,[-6.64011087e-16  2.14736429e-16 -2.32423248e-16],21500,10748,0.22072525768922932,[ 7.94861014e-18 -3.12934560e-17 -2.01465504e-17]
109,Chair,20602,10301,triangles,0.2887972535219734,[-1.93600596e-16  5.65491898e-17 -3.28098333e-16],20602,10301,0.2887972535219733,[1.50013753e-17 1.90383418e-17 1.33617998e-17]
111,Chair,16100,8050,triangles,0.15765023160221958,[-9.20340408e-16  5.04592917e-16  1.28644507e-16],16100,8050,0.15765023160221958,[2.58978915e-16 1.42053381e-17 4.30987199e-19]
118,Chair,18306,9153,triangles,0.2187565210379566,[ 9.92323234e-17  1.31184137e-15 -3.29085364e-16],18306,9153,0.2187565210379566,[-8.12683739e-19  2.00502421e-16  2.47231736e-17]
108,Chair,21008,10500,triangles,0.37698323273998163,[ 9.28410787e-17 -5.33805804e-17  4.77395901e-17],21008,10500,0.37698323273998186,[ 2.02219194e-18  2.66982204e-18 -1.92174319e-18]
104,Chair,17306,8653,triangles,0.143234014154243,[-4.14344907e-16 -3.72026716e-16 -5.16051466e-16],17306,8653,0.1432340141542431,[ 6.63368842e-17 -7.64360903e-17  7.67159555e-17]
103,Chair,19304,9652,triangles,0.25166332533704106,[ 5.46795192e-16 -4.95114379e-16 -1.40960481e-16],19304,9652,0.25166332533704133,[-5.25751335e-17 -3.01135918e-17 -1.59022310e-18]
110,Chair,16920,8456,triangles,0.15017186115680786,[ 1.62376354e-16  7.18761419e-17 -3.83707047e-18],16920,8456,0.1501718611568078,[-6.16343805e-18  1.93749082e-17 -1.36004290e-17]
114,Chair,20444,10360,triangles,0.115789202179637,[ 0.00310081 -0.00644447 -0.02110854],20444,10360,0.12038434336347421,[2.42164718e-17 7.49882781e-17 1.61571743e-16]
115,Chair,20086,10043,triangles,0.23026172660231467,[-6.61402405e-17  4.07227329e-16  6.73673117e-16],20086,10043,0.23026172660231484,[-3.00052061e-17  1.66768366e-16 -6.46091653e-17]
105,Chair,18530,9261,triangles,0.13069474614576368,[ 1.13893466e-16 -1.31969332e-16 -5.17180990e-16],18530,9261,0.13069474614576368,[ 1.05435822e-17 -5.91760613e-18 -1.73828246e-19]
5,Human,20444,10222,triangles,0.18538093938354638,[-0.0020122   0.00020332 -0.00113534],20444,10222,0.1856072713789285,[4.70829271e-18 1.36931489e-17 4.92551498e-18]
20,Human,20444,10224,triangles,0.15662596690786804,[-0.00097456  0.00803757 -0.00071571],20444,10224,0.14930910476121603,[1.50329128e-19 2.69995185e-17 7.26194882e-20]
2,Human,20096,10050,triangles,0.09337201262046163,[-5.27362841e-17 -1.70212103e-16 -2.06160407e-16],20096,10050,0.09337201262046169,[ 1.26211921e-18 -5.61187360e-18  3.17048764e-18]
6,Human,20192,10098,triangles,0.044766486587953055,[4.10877621e-17 1.98504040e-16 1.73334917e-17],20192,10098,0.04476648658795305,[-1.40179675e-18 -1.36015514e-17  1.69383774e-18]
10,Human,19012,9508,triangles,0.09714529026727946,[-7.30744054e-18 -8.26245070e-17  2.40117256e-17],19012,9508,0.09714529026727953,[ 3.94089473e-19 -1.10695354e-17 -2.30761280e-18]
11,Human,21994,10999,triangles,0.2083596409394341,[4.21355327e-17 5.52520231e-18 2.92471949e-16],21994,10999,0.20835964093943418,[-1.01834372e-17  7.35116476e-19 -1.23498306e-17]
3,Human,20444,10225,triangles,0.08848915178754264,[-0.00049809 -0.0017735   0.00163529],20444,10225,0.08943748580353557,[ 1.49588302e-17 -3.65613543e-17  2.12292829e-17]
13,Human,20444,10224,triangles,0.14809535784530573,[-0.00026088  0.00744594 -0.00144792],20444,10224,0.1549136720040231,[-5.16480659e-19  5.00707978e-17 -1.64106470e-18]
14,Human,20444,10224,triangles,0.27562536338829907,[-2.82082532e-05  2.51603091e-03 -2.40002009e-04],20444,10224,0.2724652488965067,[-1.68097148e-17 -4.53579966e-17  3.01988481e-17]
8,Human,22026,11015,triangles,0.12080813749364129,[-1.21228744e-16  9.52420671e-18  2.21117319e-16],22026,11015,0.12080813749364129,[-4.29247599e-18  4.85061126e-20 -2.47948129e-18]
18,Human,20444,10224,triangles,0.2795969973183007,[-0.00360826 -0.00098545 -0.00227419],20444,10224,0.27795031697442774,[-2.07080918e-17  2.76904217e-19 -6.72171413e-18]
7,Human,16878,8441,triangles,0.047131487812672464,[-6.97984209e-18  1.25953954e-17  5.16771267e-16],16878,8441,0.047131487812672505,[1.22510607e-18 1.43200488e-18 4.30061810e-17]
4,Human,20444,10224,triangles,0.09326352422163398,[ 0.0010518   0.0031003  -0.00067204],20444,10224,0.09154994884285897,[-2.27767292e-18 -1.09917400e-16 -1.04516071e-17]
1,Human,20444,10224,triangles,0.05199823552506513,[-3.14914769e-04 -5.60718878e-05  9.35591686e-04],20444,10224,0.05170742980372938,[ 1.19991827e-18  4.30966122e-19 -1.03459017e-17]
15,Human,20444,10224,triangles,0.12752841762291003,[-0.00079689  0.00136456 -0.00164009],20444,10224,0.1264899723348405,[-3.26041142e-18  1.38316371e-17  1.89285750e-18]
9,Human,21096,10550,triangles,0.11127564311150502,[-3.57518873e-06 -2.78735936e-05  2.52761973e-04],21096,10550,0.11110705608326508,[-1.47885916e-16  1.13784706e-17 -1.93105142e-17]
19,Human,20444,10224,triangles,0.17385103555235598,[-0.00198021  0.00550981 -0.00121955],20444,10224,0.1753879970578879,[-7.54631860e-18  1.56586620e-17  2.80135402e-18]
16,Human,20444,10220,triangles,0.21557069146427085,[-0.00171389  0.00120022 -0.00116968],20444,10220,0.21713056711685205,[ 5.95560104e-18  1.47373416e-17 -7.77943702e-18]
17,Human,20444,10224,triangles,0.3105137308149458,[-0.00157621  0.00304963  0.00028303],20444,10224,0.3049006356118187,[ 8.17138914e-19 -6.65656019e-18  3.06698568e-18]
12,Human,20444,10224,triangles,0.20182668223151984,[-0.00029559  0.00027083  0.00386068],20444,10224,0.1972237931626334,[-8.77949252e-17  1.02651379e-18 -6.41386179e-17]
237,Fish,20444,10224,triangles,0.06706480970916665,[-1.31628398e-02 -9.59723850e-05 -1.50422899e-03],20444,10224,0.062035331904594,[-3.98552040e-17  4.71415855e-18  9.50351561e-17]
232,Fish,20444,10225,triangles,0.08306815864743163,[-5.91152663e-05  1.07519431e-03  1.77539251e-03],20444,10225,0.08303870203511358,[ 2.81057438e-17 -6.08858250e-18  6.26692395e-17]
230,Fish,20444,10224,triangles,0.1786318585029458,[ 0.00359272 -0.00313548  0.00015248],20444,10224,0.17576752510181734,[-2.39576442e-17 -2.43105614e-18  8.06279925e-19]
229,Fish,20444,10224,triangles,0.10332216029007789,[-0.00013502  0.00122456  0.00723362],20444,10224,0.09896448905189514,[-4.02325539e-18  5.45799929e-18  2.08052798e-16]
236,Fish,20444,10224,triangles,0.09938492336758444,[-0.00824755 -0.00055018 -0.00340571],20444,10224,0.09462472912101988,[-3.15073563e-17  1.22978049e-18  3.38257504e-17]
228,Fish,20444,10226,triangles,0.10614715915639504,[-0.00155082  0.00384142  0.00067439],20444,10226,0.10863177107608878,[3.81618808e-18 3.05783605e-17 2.54593486e-17]
240,Fish,20444,10229,triangles,0.13201069759180045,[-0.01054152 -0.00176818 -0.00428254],20444,10229,0.1242598860889968,[ 2.75276483e-17 -5.08766295e-18 -4.60982964e-17]
225,Fish,20444,10227,triangles,0.13031107654956592,[-0.0034847  -0.00095148 -0.0027811 ],20444,10227,0.12766999063525017,[4.18174032e-17 3.40830355e-18 1.14691564e-17]
221,Fish,20444,10226,triangles,0.1705730796158235,[ 0.00299804 -0.00039034 -0.00222101],20444,10226,0.1675412056799163,[2.44116612e-17 4.03061117e-18 4.07132441e-17]
222,Fish,20444,10225,triangles,0.09599360045919336,[0.00552611 0.00026261 0.00183805],20444,10225,0.09924810160777013,[ 3.84696350e-17  6.87951462e-19 -1.90773775e-17]
231,Fish,20444,10227,triangles,0.12309701190087259,[-0.00502255 -0.00050475 -0.002087  ],20444,10227,0.11946074228688135,[-1.22860556e-16 -1.39904168e-18 -9.21929113e-18]
224,Fish,20444,10224,triangles,0.07790192811290872,[-2.74943941e-03  1.39297990e-05  8.02444583e-04],20444,10224,0.07663081329024084,[-8.78519349e-17  2.89935003e-18  3.49605147e-17]
234,Fish,20444,10224,triangles,0.1790858994336847,[-0.00782341 -0.00153756 -0.00247825],20444,10224,0.17098036119281596,[ 3.89987012e-17 -7.06512965e-19  1.67554199e-17]
223,Fish,20444,10225,triangles,0.1620505399049876,[-0.00108734 -0.0013844  -0.00220944],20444,10225,0.16099789346511478,[-7.61956716e-17 -4.79894920e-18 -1.50219419e-17]
227,Fish,20444,10224,triangles,0.09968680961369662,[ 0.00260533 -0.00068169  0.00309287],20444,10224,0.1012614913744973,[-4.28617865e-17  8.21550379e-19 -7.18647885e-17]
235,Fish,20444,10224,triangles,0.10246938178661913,[-3.80009305e-03 -4.00300397e-04 -7.28472417e-05],20444,10224,0.10046343979165058,[-1.69210194e-16  3.62283017e-18 -2.94685811e-17]
233,Fish,20368,10186,triangles,0.24053008343326504,[ 2.45238740e-18 -2.86384351e-18  2.00659787e-16],20368,10186,0.2405300834332651,[ 2.45238740e-18 -1.99188354e-18 -3.90270206e-18]
226,Fish,20444,10224,triangles,0.09968680961369662,[ 0.00260533 -0.00068169  0.00309287],20444,10224,0.1012614913744973,[-4.28617865e-17  8.21550379e-19 -7.18647885e-17]
239,Fish,20444,10227,triangles,0.07238652499944903,[-0.00798373  0.00026891 -0.00096848],20444,10227,0.06902689311381403,[-6.70345867e-19  3.92776541e-18  1.95472312e-17]
238,Fish,20444,10224,triangles,0.09270222085740497,[-0.00151817 -0.00052151  0.00018795],20444,10224,0.09243682515761624,[ 1.47926576e-17 -3.17082476e-18  1.20138424e-16]
292,Armadillo,20444,10224,triangles,0.7258187677672467,[-0.00419875  0.01080983 -0.00458619],20444,10224,0.7313381498785828,[-1.08264119e-17  2.04976989e-17  1.38099191e-17]
294,Armadillo,20444,10224,triangles,0.1739449482118939,[-0.00100734  0.00182067 -0.00288689],20444,10224,0.17205852732625634,[-2.62244582e-18 -4.28930061e-18  3.23767541e-18]
300,Armadillo,20444,10224,triangles,0.6000071839406503,[-0.00232089  0.00266486 -0.00316167],20444,10224,0.6084406515309816,[ 2.26762836e-17 -6.19912529e-18  3.58991386e-18]
295,Armadillo,20444,10224,triangles,0.3173685796671717,[-0.00100953  0.00278885 -0.00606582],20444,10224,0.3121167101915568,[ 9.50161528e-19  4.22143193e-18 -6.14618771e-18]
299,Armadillo,20444,10224,triangles,0.7785974103187225,[ 0.00154701  0.00291172 -0.00318936],20444,10224,0.7638861407252174,[ 5.06245214e-18  5.53265484e-18 -4.90894167e-18]
293,Armadillo,20444,10224,triangles,0.2547095955797322,[ 0.00092783  0.00180622 -0.00306665],20444,10224,0.2519690483070715,[ 8.63289617e-19  7.02576582e-18 -2.12157496e-17]
288,Armadillo,20444,10224,triangles,0.7550612680826626,[-0.00279717  0.00278879 -0.00839769],20444,10224,0.7449996951245033,[1.10490212e-18 4.63135876e-18 2.83229578e-17]
298,Armadillo,20444,10224,triangles,0.5927043516997539,[ 0.00125237  0.00583922 -0.00151535],20444,10224,0.6139645639806797,[-2.15496635e-17  6.51539334e-20  1.34006710e-17]
282,Armadillo,20444,10224,triangles,0.2380440443025196,[ 0.00177071  0.00586726 -0.00658046],20444,10224,0.22985694075085952,[ 2.21794848e-18 -1.83896977e-17 -2.72477482e-17]
286,Armadillo,20444,10224,triangles,0.6522787222420188,[-0.00135561  0.01619937 -0.00889056],20444,10224,0.6883485244375861,[-6.82758927e-18 -6.50942089e-17 -8.19989399e-18]
289,Armadillo,20444,10224,triangles,0.622509332267728,[-0.00152852  0.00571692 -0.00406104],20444,10224,0.6282535209132254,[-3.62418754e-19  1.76241390e-17 -1.75969915e-17]
283,Armadillo,20444,10224,triangles,0.2286700149037968,[-0.00291679  0.00836062 -0.00654117],20444,10224,0.21757226116206663,[ 2.33332524e-18 -2.85509966e-17 -1.13761482e-17]
281,Armadillo,20444,10224,triangles,0.6668622960348118,[-0.00287924  0.01487413 -0.00562828],20444,10224,0.663184345683296,[ 5.02906923e-18 -1.29819212e-17 -1.79444791e-17]
287,Armadillo,20444,10224,triangles,0.5960843709691053,[ 0.00219509  0.01216357 -0.00661602],20444,10224,0.6417931352745625,[1.99486413e-17 7.12729736e-17 3.55631886e-19]
297,Armadillo,20444,10224,triangles,0.4996237084175778,[-8.64732735e-05  9.07466509e-03 -3.96264208e-04],20444,10224,0.501585170244672,[ 3.64590552e-18  4.03520027e-17 -1.58541238e-18]
296,Armadillo,20444,10224,triangles,0.34094607628336077,[ 0.00153843  0.00348841 -0.00274497],20444,10224,0.33390834493078253,[-1.22231494e-17  1.17453539e-17 -6.56697353e-18]
290,Armadillo,20444,10224,triangles,0.56085646130779,[-0.00557783  0.0028181  -0.00250882],20444,10224,0.5514790562296644,[ 1.25041257e-17  7.81847200e-18 -7.35153548e-18]
285,Armadillo,20444,10224,triangles,0.43288614363950434,[ 0.00546322  0.00518736 -0.00905046],20444,10224,0.42104388200499593,[ 1.62504769e-17 -1.95950455e-17  4.24790072e-18]
284,Armadillo,20444,10224,triangles,0.4865535894981668,[-0.00230227  0.00634653 -0.01040409],20444,10224,0.46848659664854797,[-9.23964218e-18  1.58894155e-17 -1.86231660e-18]
291,Armadillo,20444,10224,triangles,0.20484397142904504,[-0.00468479  0.00407462 -0.00812446],20444,10224,0.19991653291258632,[1.38374059e-17 6.81401553e-18 1.31719535e-17]
38,Cup,20444,10222,triangles,0.4654877717110804,[-0.01550917  0.00245573  0.00176571],20444,10222,0.5116366134745085,[ 2.39786234e-17  5.45431545e-18 -1.91698654e-18]
34,Cup,19204,9602,triangles,0.5804372760442091,[-8.80911442e-18  7.30108653e-17  1.02912714e-16],19204,9602,0.5804372760442091,[-4.93353767e-18 -3.17966394e-18 -5.98065882e-18]
39,Cup,20444,10222,triangles,0.39841027595038353,[ 0.01277513  0.01399156 -0.00249493],20444,10222,0.43057836893103063,[-5.25949422e-17  3.37390309e-18  5.38914877e-18]
21,Cup,20444,10222,triangles,0.31746021924108236,[-0.01275787  0.0034078  -0.0005484 ],20444,10222,0.3430558375681321,[ 2.84072424e-17 -1.89784382e-17 -3.97706825e-17]
35,Cup,20444,10224,triangles,0.26692643670900007,[-0.00022696 -0.01450442  0.0002068 ],20444,10224,0.29157195432999505,[-6.05388631e-19 -2.06646559e-17 -8.31527075e-18]
31,Cup,20444,10222,triangles,0.49655968678639467,[-0.01214333  0.00225411  0.00024876],20444,10222,0.5345701864831512,[ 1.46353505e-17 -4.24262247e-18  1.80837540e-18]
40,Cup,20444,10224,triangles,0.30974829600780523,[-0.0007617   0.00032038  0.00035997],20444,10224,0.30915364214599506,[ 8.97495432e-18  1.78087418e-17 -1.35194412e-17]
28,Cup,20444,10222,triangles,0.3286749049708136,[-0.01174007  0.00399921 -0.00052757],20444,10222,0.35295821674984884,[ 4.83319552e-18  3.99960506e-18 -8.94819991e-18]
29,Cup,20444,10222,triangles,0.30435182715034176,[ 0.01024737 -0.00090609  0.00300056],20444,10222,0.3238587261314336,[ 4.93963443e-17 -4.54206677e-18  1.00139467e-17]
22,Cup,20444,10222,triangles,0.47933620412307354,[ 0.01136649 -0.00096908 -0.00128958],20444,10222,0.5157535937290673,[-6.89137653e-18 -1.03017662e-17  1.17737865e-17]
30,Cup,20444,10224,triangles,0.2549963758622433,[ 0.00015925 -0.00950767  0.00040605],20444,10224,0.27011415691576307,[-1.88674932e-18  3.95050016e-17  1.58812713e-18]
37,Cup,20444,10222,triangles,0.39127070521665464,[ 0.00082901 -0.00064187 -0.00126307],20444,10222,0.38832039899799065,[-3.48098689e-18 -1.06384607e-17 -1.10310900e-16]
23,Cup,20444,10222,triangles,0.33793447223828627,[-0.01311276  0.00265432 -0.00086121],20444,10222,0.3659799778782172,[ 1.08230996e-17 -1.22106069e-17  2.52928181e-18]
33,Cup,20444,10228,triangles,0.39853565017124487,[-0.00363889  0.00136604  0.00103065],20444,10228,0.3899594254631586,[ 2.93186585e-17 -1.81952615e-18 -1.34768408e-17]
24,Cup,20444,10222,triangles,0.4950559726890243,[ 0.01150525  0.00260973 -0.00112728],20444,10222,0.530865638908395,[-7.93024204e-17  6.97826544e-19  2.43424707e-18]
27,Cup,20444,10222,triangles,0.44028528529964395,[0.01038862 0.00113014 0.0090964 ],20444,10222,0.46891018567687204,[-3.52443134e-17  2.39555435e-18 -1.22947805e-17]
32,Cup,20444,10222,triangles,0.42547515621438586,[ 0.01138884  0.0018904  -0.00023562],20444,10222,0.4571326253589787,[-8.83551585e-18  1.48254200e-18  3.43822125e-18]
36,Cup,18152,9076,triangles,0.5983864037968659,[ 1.16208889e-17 -2.28839767e-17  1.39620010e-16],18152,9076,0.5983864037968659,[ 6.92360326e-18 -6.01228092e-18 -5.33834582e-18]
26,Cup,20444,10222,triangles,0.39681164762558185,[ 0.01303995 -0.00032037  0.00454887],20444,10222,0.4295507040453899,[-1.65631981e-18 -4.32000790e-18 -8.31689768e-18]
25,Cup,20444,10224,triangles,0.410607365036451,[-0.00208016 -0.00469219 -0.00075428],20444,10224,0.4223876598393018,[-1.64296502e-17  1.38180634e-17  6.89545795e-19]
89,Ant,20444,10224,triangles,0.18945940066116793,[ 0.00086282 -0.00139444  0.00142842],20444,10224,0.1878830634573056,[1.84331336e-18 4.28115637e-18 2.40906669e-17]
94,Ant,20444,10224,triangles,0.24801584865501955,[0.00162475 0.00068927 0.00141925],20444,10224,0.24561369597307087,[-2.30047680e-17  1.23683884e-17 -2.05397775e-17]
83,Ant,20444,10225,triangles,0.18807812161283916,[ 8.99457052e-04 -3.16812257e-03  9.42488199e-05],20444,10225,0.19169903766649188,[-4.42731969e-18  4.96858735e-17 -2.04536198e-17]
87,Ant,20444,10224,triangles,0.269545493333728,[-0.00045015 -0.00247736  0.00078407],20444,10224,0.26557829759349905,[-2.89120579e-18 -3.15480775e-17 -3.88588918e-17]
92,Ant,20444,10228,triangles,0.13199357589872449,[ 0.00024737 -0.0103329  -0.00072992],20444,10228,0.12475991127695484,[-2.21708108e-18 -1.33621876e-17  2.63091812e-17]
84,Ant,20444,10224,triangles,0.22517986643887258,[ 0.00040781 -0.00248563 -0.0001345 ],20444,10224,0.2226567893703619,[2.86134357e-18 8.41592000e-17 2.78940277e-17]
88,Ant,16416,8210,triangles,0.36954532736722706,[3.17245215e-17 3.45093760e-16 8.25931217e-17],16416,8210,0.36954532736722684,[-3.91147393e-18  2.23658891e-17 -3.08911781e-18]
82,Ant,16594,8299,triangles,0.3059182821016851,[-4.07621347e-17  1.52092126e-16  6.28405095e-17],16594,8299,0.3059182821016853,[-7.52500845e-19 -3.07689234e-19 -5.56850625e-19]
100,Ant,16124,8064,triangles,0.25932301547614495,[-3.99648967e-18  4.78838750e-17 -7.86201461e-17],16124,8064,0.2593230154761451,[-1.05967855e-18 -6.06464834e-18  5.18007705e-18]
93,Ant,16432,8216,triangles,0.29444547142424554,[ 1.55601486e-17  3.70676582e-16 -5.63954041e-17],16432,8216,0.2944454714242453,[ 5.40517539e-20 -7.11076159e-18  2.37996629e-18]
90,Ant,15750,7877,triangles,0.2768967454385826,[ 5.06097921e-17  3.81960695e-18 -1.69117150e-16],15750,7877,0.2768967454385826,[-9.76395836e-18  1.56448846e-18 -2.15381434e-18]
95,Ant,20444,10225,triangles,0.14419165623651586,[0.00129903 0.00195359 0.00101335],20444,10225,0.14589510222539628,[9.58212048e-18 1.60208711e-17 3.33446935e-17]
91,Ant,17276,8640,triangles,0.25330033853295253,[-8.35156918e-17  1.75528316e-17  1.15021804e-17],17276,8640,0.25330033853295253,[2.63260350e-18 4.38820790e-18 1.68493049e-18]
99,Ant,20444,10224,triangles,0.2563675194586932,[ 6.50476933e-05 -8.33555273e-04 -1.55657281e-03],20444,10224,0.25857371457029543,[ 1.25421322e-18 -2.36888843e-17  1.22000740e-17]
98,Ant,20444,10224,triangles,0.18297563769972255,[ 0.00010484 -0.00350888  0.00121011],20444,10224,0.187052970515874,[-2.11750283e-18  6.88052684e-18  2.46010393e-17]
85,Ant,16772,8388,triangles,0.17802045759069648,[-2.73452643e-17  1.95500110e-16  1.96899801e-17],16772,8388,0.17802045759069646,[-2.87879718e-18 -5.61200003e-18  1.65944458e-18]
86,Ant,20444,10224,triangles,0.1539566802013652,[-0.00014593 -0.00057055  0.0025485 ],20444,10224,0.1553876877673399,[ 1.20263302e-18  4.97938936e-17 -2.57140857e-17]
81,Ant,20444,10224,triangles,0.1599218509476487,[-0.0002542  -0.00375501 -0.00028642],20444,10224,0.1635797067994117,[ 8.44422124e-18 -5.70667014e-17 -4.59878180e-18]
96,Ant,17004,8504,triangles,0.23932018992662027,[6.54070714e-17 1.01191659e-16 7.84525836e-17],17004,8504,0.23932018992662027,[ 5.52892111e-18 -9.85675428e-18  1.66455122e-19]
97,Ant,16330,8167,triangles,0.12970429358947938,[ 2.17028414e-17 -5.13377893e-17 -5.82724351e-17],16330,8167,0.12970429358947946,[ 7.20482678e-19  5.17592037e-18 -4.64575387e-18]
348,Bearing,20528,10266,triangles,0.012308549020968607,[-2.66692237e-06  1.62073546e-04 -3.85056588e-06],20528,10266,0.012320526125940146,[-8.84225697e-18  8.69647666e-15  6.66109482e-18]
357,Bearing,20444,10325,triangles,0.008901919138502478,[ 2.11562717e-04 -6.22160967e-04  6.35767176e-05],20444,10325,0.008890628809111843,[-5.24197312e-18 -7.41954252e-17 -4.06051302e-18]
342,Bearing,20444,10245,triangles,0.08648905677644116,[-0.00039036 -0.00095349 -0.00473598],20444,10245,0.08407722799102331,[3.37360962e-18 6.43159946e-18 2.18305391e-15]
341,Bearing,20444,10244,triangles,0.08641577621953617,[-0.00100144  0.00013601  0.00337441],20444,10244,0.08818927394334668,[ 4.38253061e-18  4.20506183e-18 -2.09733961e-15]
344,Bearing,25440,12722,triangles,0.11733430334879551,[-8.93871826e-06 -2.26849313e-05 -3.59076340e-05],25440,12722,0.11731833447419872,[-1.31316467e-17 -5.75675390e-17  2.44841179e-18]
360,Bearing,17584,8794,triangles,0.03843795678952755,[ 2.23451323e-05  2.47706955e-06 -1.04219140e-05],17584,8794,0.038435553307254545,[-2.29613160e-19 -1.41752592e-18 -2.12601271e-17]
355,Bearing,20444,10225,triangles,0.015603707148984833,[-0.00016262 -0.00177153  0.00043397],20444,10225,0.015439020583725293,[-2.57246343e-17  5.23894973e-18 -1.84584757e-18]
352,Bearing,20796,10400,triangles,0.04481398287665157,[-5.40366363e-18  7.04924901e-17  3.23517922e-16],20796,10400,0.04481398287665157,[-1.30104261e-18  1.14491749e-18  2.51401464e-18]
356,Bearing,20444,10225,triangles,0.015606859949602682,[-8.50489528e-05 -1.00793339e-03  3.23950055e-04],20444,10225,0.015512855154772878,[-1.21228754e-17  4.37129957e-17  6.90835598e-19]
346,Bearing,20444,10259,triangles,0.10545729259188207,[ 0.00067623 -0.04878499  0.00030264],20444,10259,0.14349475504601897,[ 3.42785011e-18  6.54781598e-17 -5.66875301e-18]
354,Bearing,23264,11634,triangles,0.04066171648429408,[-2.14493479e-06 -1.48143065e-05 -1.74121077e-05],23264,11634,0.0406581024476581,[-4.12283859e-20  4.83167457e-16  5.92257319e-19]
358,Bearing,20444,10310,triangles,0.1407495041258379,[ 6.99425273e-05 -3.57560500e-02  1.72719422e-03],20444,10310,0.17584018342011637,[-2.23552182e-17  2.51506435e-15  2.35087841e-17]
359,Bearing,20444,10305,triangles,0.14224114596256343,[-0.00089161  0.04230572 -0.00065362],20444,10305,0.18544229658950784,[-2.34380416e-17 -7.11644340e-16  2.31983283e-17]
350,Bearing,17514,8759,triangles,0.018965413960487527,[5.33268930e-16 1.87479264e-16 4.36347816e-16],17514,8759,0.018965413960487527,[ 8.48566755e-18 -2.22830469e-17 -2.72200473e-18]
347,Bearing,20968,10486,triangles,0.09845250536780653,[-1.28774468e-05  2.98105699e-05 -2.93971424e-05],20968,10486,0.09843514207566073,[-3.21203424e-18  6.55773780e-18  8.18850360e-17]
343,Bearing,20444,10249,triangles,0.07072247546500902,[0.00065348 0.0005474  0.00074558],20444,10249,0.07103979903650676,[-5.82788552e-18 -1.42244278e-18  8.10433560e-16]
353,Bearing,20444,10240,triangles,0.03704994013111123,[ 0.00039742 -0.00050061 -0.00014323],20444,10240,0.03696173423278413,[-3.88820920e-15  5.78421859e-18 -2.40265131e-18]
351,Bearing,20444,10357,triangles,0.06465181492397314,[ 0.00125831 -0.00178026 -0.02076868],20444,10357,0.07342689353484384,[ 1.07195426e-18 -1.17111003e-18 -3.37917500e-16]
349,Bearing,20528,10266,triangles,0.01799879764676183,[4.08085147e-07 5.88182047e-04 1.12370514e-06],20528,10266,0.01806246680202852,[6.46846042e-18 5.83521369e-15 3.07201177e-18]
345,Bearing,20444,10275,triangles,0.10683676270519203,[0.00093997 0.03743256 0.00048465],20444,10275,0.1349290816482928,[ 4.44089210e-18  2.20213142e-16 -1.01297721e-18]
161,Teddy,20444,10224,triangles,0.22067802350374552,[-0.00105219  0.01337291  0.00192265],20444,10224,0.23937581105323708,[-4.66122098e-18  1.92462004e-17  9.65092638e-19]
171,Teddy,20444,10224,triangles,0.2760302909491306,[-0.00119281  0.01134129  0.0115679 ],20444,10224,0.28422918781412454,[ 1.73743822e-19 -1.91715449e-17 -9.18127511e-18]
164,Teddy,20444,10224,triangles,0.2318565991464069,[-7.87772305e-04  1.51861392e-02  7.92480264e-05],20444,10224,0.2543339820038859,[-6.13261398e-18  1.13476434e-18 -7.31318968e-18]
172,Teddy,20278,10141,triangles,0.25711503922116113,[-2.45358084e-16  4.10928126e-17 -3.76655149e-16],20278,10141,0.2571150392211611,[-5.42466728e-18 -1.15499979e-18 -1.08404394e-17]
167,Teddy,25290,12647,triangles,0.27009593521382846,[-1.22996243e-16  1.83469468e-16 -1.77831446e-16],25290,12647,0.2700959352138286,[-8.09821096e-18  8.51738665e-18 -2.46896676e-18]
179,Teddy,20444,10224,triangles,0.30290358742898377,[-0.00127846  0.01034053  0.00418093],20444,10224,0.3225016655151172,[ 4.66122098e-18  5.03911380e-17 -1.70784748e-17]
176,Teddy,24996,12500,triangles,0.32643970609476664,[-7.15205672e-17  2.54958277e-16 -1.29429800e-17],24996,12500,0.3264397060947668,[ 1.27453603e-18 -9.35695965e-18 -2.94875235e-18]
175,Teddy,18956,9480,triangles,0.26836137836607826,[-2.02311210e-17 -3.49872499e-17 -6.30956258e-17],18956,9480,0.26836137836607826,[-4.80745308e-18  7.48346532e-18  2.21049152e-18]
170,Teddy,24996,12500,triangles,0.26679541791300837,[ 6.76780854e-17 -1.81099580e-17 -1.33226763e-20],24996,12500,0.26679541791300854,[ 5.13172838e-18 -1.41220369e-18 -9.10382880e-20]
177,Teddy,25082,12543,triangles,0.28134474867366405,[ 1.08397881e-16 -2.77690739e-16 -1.21734631e-16],25082,12543,0.28134474867366405,[-6.18265792e-18  2.07785103e-18 -8.65439339e-18]
173,Teddy,20444,10224,triangles,0.1946353019960572,[0.00072937 0.00759628 0.01229998],20444,10224,0.2037828531888715,[-5.30461608e-18 -2.65929851e-17  4.43481106e-17]
180,Teddy,19092,9548,triangles,0.17782559283713598,[ 3.52438834e-17  1.76792087e-16 -1.20815096e-16],19092,9548,0.17782559283713595,[ 2.10172614e-18  2.11844111e-18 -1.39424675e-18]
165,Teddy,20462,10233,triangles,0.19334552034521577,[ 1.25035539e-16 -1.51168276e-16  1.44408737e-16],20462,10233,0.19334552034521577,[-4.49048081e-18  2.25212726e-18  6.24385176e-18]
178,Teddy,24346,12175,triangles,0.2348727922146284,[-5.27344538e-17  2.56454680e-16 -2.73630080e-16],24346,12175,0.23487279221462853,[2.01983080e-18 5.22967478e-18 2.86104701e-18]
166,Teddy,22176,11090,triangles,0.275225756127569,[-3.97287653e-17 -4.71118986e-17  1.52885607e-16],22176,11090,0.2752257561275691,[ 2.32756405e-18  7.34809468e-18 -6.12644617e-18]
169,Teddy,25118,12561,triangles,0.26760048769721745,[-1.00340792e-16 -1.65803160e-16 -8.07134614e-18],25118,12561,0.26760048769721745,[1.11587976e-17 1.32016310e-17 1.15068195e-18]
163,Teddy,21758,10879,triangles,0.271877905468737,[-2.77440948e-16  1.38267618e-16 -8.44479780e-18],21758,10879,0.271877905468737,[ 8.90148022e-18  1.53027278e-17 -1.11236612e-18]
168,Teddy,21500,10752,triangles,0.19608753638055249,[-1.25643543e-16 -9.35334761e-16  7.64149563e-17],21500,10752,0.19608753638055246,[ 3.63982158e-18  1.82713880e-17 -5.39067902e-18]
174,Teddy,25658,12831,triangles,0.2814993061133885,[-8.68013392e-17  9.24969537e-18 -6.36835902e-17],25658,12831,0.2814993061133885,[-1.93819622e-18  7.15575124e-18 -2.20264320e-18]
162,Teddy,20188,10096,triangles,0.24201695429206313,[-3.70724977e-18  7.15607798e-17 -4.62677693e-17],20188,10096,0.24201695429206313,[-2.46462694e-18  4.97598969e-18  4.76567852e-18]
149,Table,20444,10390,triangles,0.2989334485405973,[-0.00109566 -0.01269596  0.00089004],20444,10390,0.2973427441990567,[ 1.15991058e-17 -3.43019779e-16 -9.07198602e-18]
141,Table,20444,10349,triangles,0.33175879986180873,[-0.01119046  0.00554024  0.00563715],20444,10349,0.3104446989928366,[ 1.24080752e-17  2.25566015e-17 -2.17170148e-16]
147,Table,20444,10392,triangles,0.43959438652316973,[-0.00377316 -0.01700003 -0.00237097],20444,10392,0.4365757780123726,[-1.76850985e-17  4.19303630e-16  2.40323970e-17]
159,Table,20444,10371,triangles,0.3833366786853206,[ 0.00173408  0.00098368 -0.01949879],20444,10371,0.38108306916499535,[ 8.09838702e-18 -6.72278526e-18  6.93227014e-16]
153,Table,20444,10349,triangles,0.24728989699294138,[ 0.00067229  0.0031269  -0.01110068],20444,10349,0.2519880371762327,[-8.11828461e-18 -5.90030596e-19  3.76012083e-16]
144,Table,20444,10348,triangles,0.1794188753331248,[ 0.00620068 -0.00613933  0.00647603],20444,10348,0.18167620033284987,[-3.32594837e-19  3.45943558e-16 -2.76107359e-17]
142,Table,19600,9802,triangles,0.07765959956781829,[ 8.45522840e-18  1.98534430e-17 -1.04619028e-16],19600,9802,0.07765959956781834,[6.04268500e-18 1.98757862e-18 3.64022926e-18]
155,Table,20444,10330,triangles,0.3382798606744336,[ 0.00253154 -0.02425396  0.00180657],20444,10330,0.34347054254673,[ 7.28684618e-18 -5.37281309e-16  8.16814616e-18]
158,Table,20444,10380,triangles,0.4205133368279498,[ 0.00116371 -0.00690701 -0.00131176],20444,10380,0.4384330745096521,[6.88434537e-16 9.10570057e-16 2.32039821e-16]
160,Table,20160,10082,triangles,0.16102308238746565,[3.81723131e-15 5.91671128e-17 2.56990972e-18],20160,10082,0.16102308238746535,[ 1.63891141e-15 -6.71727876e-19  1.12982426e-17]
150,Table,20444,10332,triangles,0.15385749282140226,[ 0.00084703 -0.0322602  -0.00165395],20444,10332,0.18793847553348025,[-1.94224556e-18  1.52403147e-15 -4.60846786e-18]
148,Table,20444,10386,triangles,0.3032230898233998,[ 0.00113707 -0.01674605  0.00158929],20444,10386,0.30034991645733283,[-5.43032252e-18  9.08451936e-16  9.42823712e-18]
157,Table,20444,10410,triangles,0.398617747235399,[-0.00218849 -0.0161625  -0.00039361],20444,10410,0.39956062174039525,[-5.47379412e-18  1.13995162e-17 -9.73178204e-19]
156,Table,20196,10100,triangles,0.3411139439617887,[ 2.49074688e-16 -1.03153528e-16  9.59655897e-17],20196,10100,0.3411139439617887,[4.33151864e-17 1.91420724e-18 1.22825292e-17]
152,Table,21082,10543,triangles,0.16677908783187634,[-7.80615363e-16  1.14253433e-15 -1.48368465e-16],21082,10543,0.16677908783187637,[-1.82676600e-16 -1.44162086e-15  1.34894783e-17]
151,Table,25388,12696,triangles,0.443732793454961,[-3.32690887e-17  7.10285643e-17  6.88817483e-17],25388,12696,0.4437327934549613,[ 1.06903564e-17 -2.80791283e-17  9.85961295e-18]
154,Table,20444,10224,triangles,0.5089711063335629,[-0.00204708  0.0044154  -0.01330924],20444,10224,0.5226966705837741,[ 1.97633598e-17 -9.27357652e-18 -1.34346053e-18]
143,Table,18536,9270,triangles,0.07739094221061767,[ 6.13353309e-16  3.96636008e-17 -3.76332071e-17],18536,9270,0.07739094221061761,[ 9.23179787e-17  8.86112471e-18 -7.63502889e-19]
146,Table,20444,10228,triangles,0.5876075068551807,[-1.05756763e-04 -3.54716034e-02 -3.45703217e-05],20444,10228,0.6823017926854017,[ 1.04585440e-17 -6.21559495e-17  4.19603625e-18]
145,Table,26408,13206,triangles,0.4038688722879037,[-1.48912993e-16 -8.39497923e-17  1.12380026e-16],26408,13206,0.4038688722879037,[ 2.29089637e-19 -2.49539565e-17  1.97563540e-19]
245,Bird,20444,10224,triangles,0.29215525986243546,[ 0.00056892  0.00120328 -0.00250415],20444,10224,0.2940961704366787,[-1.68626524e-17  1.32452517e-17  4.43806876e-17]
247,Bird,20444,10226,triangles,0.2040043584881043,[0.00187378 0.00220001 0.00417752],20444,10226,0.20647327500648543,[ 2.61474025e-17 -1.75107663e-17 -2.65803200e-16]
256,Bird,20444,10225,triangles,0.43580148415320025,[ 0.00164517 -0.0014323   0.00159086],20444,10225,0.4401317468308211,[ 8.90621453e-18  2.46963547e-17 -4.19333137e-17]
241,Bird,20444,10224,triangles,0.09988955569578797,[-0.00442758  0.00346346  0.00166185],20444,10224,0.10038728239785621,[-1.49297524e-17  1.27230022e-17  2.54333808e-16]
249,Bird,20444,10226,triangles,0.09396201134136244,[-0.00397945  0.0006238  -0.00269186],20444,10226,0.09677154424453364,[-5.20579896e-17  1.78543691e-17  7.43043847e-17]
260,Bird,19960,9982,triangles,0.5944640120492266,[-1.00000075e-04 -1.77790685e-04  7.29866457e-06],19960,9982,0.5944379800487009,[ 1.59358212e-16 -8.78379717e-17  2.63041220e-18]
243,Bird,25248,12626,triangles,0.07213128788658449,[1.32779008e-06 4.01280459e-06 7.39926841e-06],25248,12626,0.07213186254088702,[-5.98363502e-18 -3.93339549e-17  4.29853101e-17]
244,Bird,20444,10230,triangles,0.06554518484164226,[-0.00083954 -0.00201949 -0.00077559],20444,10230,0.06521612542579719,[-2.04198828e-18 -1.00059461e-17  2.58655918e-16]
248,Bird,23576,11790,triangles,0.5912270032497338,[-3.10246833e-16  7.35840566e-17 -3.37351483e-17],23576,11790,0.5912270032497338,[ 7.17195599e-18  1.70912196e-18 -2.23645435e-18]
258,Bird,17888,8946,triangles,0.752289621184867,[-5.14219663e-17  1.02369240e-17  9.71972583e-17],17888,8946,0.752289621184867,[ 2.01666937e-18  6.41145730e-18 -8.30092137e-18]
255,Bird,20444,10224,triangles,0.14603957068982198,[ 8.91892243e-05 -1.78508710e-03  2.58842799e-03],20444,10224,0.14611774951517714,[ 5.15801973e-18 -1.07911202e-17  8.59977626e-17]
242,Bird,20444,10224,triangles,0.31505332073472336,[ 0.00046255 -0.0002693  -0.00057518],20444,10224,0.31513002991007266,[-2.52878704e-18 -1.74938311e-17 -1.38365237e-16]
257,Bird,17064,8534,triangles,0.06931881876731687,[1.90455313e-05 6.62783142e-06 1.43105530e-04],17064,8534,0.0693108980883387,[3.47920401e-18 8.48050895e-18 1.76927972e-17]
246,Bird,20444,10224,triangles,0.09195887273602778,[-0.00325292 -0.00182104 -0.00078055],20444,10224,0.09018716761513408,[-1.35696640e-17 -3.17638999e-17  1.89524648e-16]
250,Bird,20444,10232,triangles,0.06527422304060702,[ 0.00359743  0.00232637 -0.00015218],20444,10232,0.06619387960128888,[-4.93751942e-17 -9.42277650e-17 -7.87047703e-17]
253,Bird,20444,10228,triangles,0.22975544260033978,[ 0.0014816  -0.00081908 -0.0013162 ],20444,10228,0.2277250490251887,[ 4.17918172e-19  2.59102695e-17 -2.35330809e-17]
252,Bird,20444,10224,triangles,0.2674937886242579,[ 0.00035191 -0.00472585  0.00182879],20444,10224,0.26692978023547886,[-7.86114444e-18 -1.47546512e-17  4.94925566e-17]
259,Bird,18026,9015,triangles,0.2980239080218125,[-9.25493736e-17 -9.15487566e-18 -6.48091921e-17],18026,9015,0.2980239080218125,[ 3.45828622e-18 -9.32113202e-19 -5.44951401e-18]
254,Bird,20444,10237,triangles,0.05008451487387622,[ 9.32972625e-05 -1.66439747e-03 -3.39376968e-03],20444,10237,0.04960162876268461,[-2.57404021e-18 -5.84420663e-18  3.71990327e-17]
251,Bird,25248,12626,triangles,0.07213128788658449,[1.32779008e-06 4.01280459e-06 7.39926841e-06],25248,12626,0.07213186254088702,[-5.98363502e-18 -3.93339549e-17  4.29853101e-17]
214,Plier,20444,10224,triangles,0.04961785743885795,[ 4.59096414e-03 -5.03433797e-06 -7.38574666e-03],20444,10224,0.05199308275001036,[-5.88896542e-17  9.65771325e-19 -2.61652767e-16]
205,Plier,20444,10224,triangles,0.05706028195468026,[ 0.00138066 -0.00016949  0.00135799],20444,10224,0.05665840757446674,[-6.39865921e-18  1.75440539e-19  2.38447108e-16]
208,Plier,20444,10230,triangles,0.07153132311057125,[ 0.00130372 -0.00044991 -0.00466248],20444,10230,0.07367231109990557,[ 2.94919948e-18 -1.13134324e-18 -2.28838345e-16]
212,Plier,20444,10225,triangles,0.05080958230619162,[ 0.00336937 -0.00052171 -0.00348318],20444,10225,0.05192460756717579,[ 1.62687033e-16 -2.03111095e-18 -3.96596638e-16]
218,Plier,20444,10232,triangles,0.07284719818244896,[ 1.25059861e-03  4.09308673e-06 -1.61490733e-03],20444,10232,0.07355763121240962,[ 2.93885757e-17  6.36822549e-18 -4.87458653e-17]
206,Plier,20444,10226,triangles,0.05271084662972729,[-9.21235788e-06  2.28063211e-05 -1.25361978e-03],20444,10226,0.05310931924986,[-5.62792744e-17 -6.90912234e-18 -3.58222264e-17]
209,Plier,20444,10224,triangles,0.07887709796942051,[-1.41435380e-03  9.06476591e-05  1.60225792e-03],20444,10224,0.07821150630617865,[2.29884795e-17 1.38757517e-18 7.32981750e-19]
202,Plier,20444,10228,triangles,0.04884456328836857,[-0.00347857 -0.00077856 -0.01711919],20444,10228,0.054225855758179176,[ 1.56244176e-16 -2.64826027e-18 -4.27655130e-16]
217,Plier,20444,10230,triangles,0.0578242381731625,[ 0.00477087 -0.00083664  0.00404806],20444,10230,0.05644221945772678,[-7.81931270e-18  4.21319057e-18  4.25064567e-16]
201,Plier,20444,10229,triangles,0.049455339881214436,[-0.00285456 -0.00047962 -0.00760972],20444,10229,0.05178390543785375,[-1.52271717e-16 -5.77598135e-19 -5.97223794e-17]
211,Plier,20444,10226,triangles,0.05213187776289845,[0.006036   0.00014598 0.00166845],20444,10226,0.054157386465017686,[ 5.38907641e-17  9.28431604e-19 -1.32936885e-16]
215,Plier,20444,10228,triangles,0.04981638328329098,[0.00236632 0.00022651 0.0022006 ],20444,10228,0.04916437654494347,[-1.45942008e-17 -2.74048318e-18 -7.32136074e-16]
203,Plier,20444,10224,triangles,0.04864773259630016,[ 2.39266980e-06  1.51203920e-05 -5.40696961e-03],20444,10224,0.05043539493052801,[-4.92726621e-19  9.15887845e-19  5.23343540e-16]
220,Plier,20444,10224,triangles,0.06162179655511768,[-0.00393168 -0.00010566 -0.00088548],20444,10224,0.06195034901572768,[-2.20763244e-17 -6.67658145e-20 -2.30053109e-16]
213,Plier,20444,10224,triangles,0.050042345789546756,[ 0.00360064  0.0005203  -0.00441188],20444,10224,0.051390756535481974,[1.22106615e-16 5.31751112e-19 4.44545287e-16]
207,Plier,20444,10231,triangles,0.059421365477261255,[ 0.00071863 -0.00089959 -0.00212244],20444,10231,0.06018454667924314,[-6.06330872e-18  7.10056518e-18  1.64645282e-16]
219,Plier,20444,10224,triangles,0.04754360322332503,[-0.00150309 -0.00101482 -0.00396509],20444,10224,0.04869287124147229,[-3.70590144e-17  2.55780090e-19  9.85181767e-17]
210,Plier,20444,10232,triangles,0.06490461119344906,[0.00123862 0.00014374 0.00055632],20444,10232,0.06538936320890884,[2.05915339e-17 1.11607551e-18 1.55449669e-16]
216,Plier,20444,10228,triangles,0.04980053340975387,[ 0.00431405 -0.00061224 -0.00260262],20444,10228,0.05072451461157516,[-6.94696712e-17  1.38160515e-18  3.87894210e-17]
204,Plier,20444,10224,triangles,0.05090450283248895,[ 7.92481611e-03 -5.51244935e-05 -4.02786033e-04],20444,10224,0.05341678876452314,[-7.22095614e-17  2.49417401e-20 -1.50907369e-16]
65,Airplane,20444,10224,triangles,0.13243115379008646,[-0.00197806  0.00146615 -0.00067732],20444,10224,0.13401541526025051,[5.74440513e-18 6.95301907e-18 3.92552449e-18]
64,Airplane,20444,10224,triangles,0.1736561557423781,[-0.00071839  0.00092837 -0.00088863],20444,10224,0.17462706320552382,[-2.24781070e-18 -3.21426071e-18  5.00463651e-18]
63,Airplane,20444,10241,triangles,0.1701467581001153,[-0.00045155 -0.00359215 -0.0138023 ],20444,10241,0.1699743033702868,[ 2.32038957e-18 -6.44571478e-18  4.51710407e-16]
61,Airplane,20444,10224,triangles,0.090122832230333,[-0.00222839  0.00294893  0.00169445],20444,10224,0.09173642263392014,[-3.29407428e-17 -1.61255985e-18 -1.35907033e-17]
69,Airplane,20444,10253,triangles,0.14591474801369075,[ 0.02476412 -0.00021202  0.00475746],20444,10253,0.1457292807956423,[-7.33182493e-17 -3.27777803e-17 -1.23658899e-17]
74,Airplane,20444,10230,triangles,0.13777790530313294,[ 0.00059794  0.00177097 -0.00043726],20444,10230,0.13925234242921536,[-4.00624467e-17 -3.32474253e-17 -2.04870334e-17]
66,Airplane,20444,10308,triangles,0.10124922467443008,[ 0.00455332 -0.00012544  0.00068432],20444,10308,0.0985327279914291,[-2.69262472e-19 -4.45915483e-17 -8.30068886e-18]
71,Airplane,20444,10230,triangles,0.17555338943970092,[ 0.00991605 -0.00155321 -0.00093786],20444,10230,0.17392746940768566,[ 2.24757760e-17  1.97119825e-17 -5.15309529e-17]
78,Airplane,20444,10231,triangles,0.2505170251094776,[ 0.00238311 -0.0005919   0.00223114],20444,10231,0.24744913037302138,[-8.11425341e-17  3.13851678e-18  1.98854823e-18]
62,Airplane,20444,10228,triangles,0.17393843730286854,[-0.00215811  0.00023184 -0.02113096],20444,10228,0.15362607867214825,[8.75167824e-18 4.22622600e-17 5.30851164e-17]
77,Airplane,20444,10226,triangles,0.1764068566202139,[ 0.00012625 -0.00079103  0.00963632],20444,10226,0.1665882488090478,[-2.52150692e-18 -3.93697071e-18  1.06418992e-16]
72,Airplane,20444,10227,triangles,0.13749911385242217,[-0.00308311 -0.00194053 -0.00103815],20444,10227,0.13607743005147774,[ 5.02677981e-17  2.97652986e-17 -3.24588525e-17]
79,Airplane,20444,10233,triangles,0.2278520193124473,[-9.12827650e-03  4.47818656e-04  2.63057577e-05],20444,10233,0.22846533591363355,[-1.37907211e-16  1.97152942e-17  2.12540497e-17]
70,Airplane,20444,10254,triangles,0.12461306923284654,[ 0.00171701  0.00077662 -0.00010076],20444,10254,0.1251955381865473,[ 1.01342769e-17  5.62021900e-17 -1.12954961e-17]
80,Airplane,20444,10232,triangles,0.21538788356154448,[-0.01184765 -0.00225518 -0.0013486 ],20444,10232,0.21856637948973492,[-6.05240816e-17  2.15258635e-17 -2.63368729e-17]
75,Airplane,17354,8679,triangles,0.10408526682698525,[-2.75349126e-17  2.69784579e-17 -8.19811247e-18],17354,8679,0.10408526682698532,[-8.10377101e-18  4.28534063e-18 -7.00365372e-19]
68,Airplane,20444,10225,triangles,0.1716088889187478,[ 0.00316338  0.00245932 -0.00078614],20444,10225,0.17417241112434723,[ 1.93759705e-17 -1.43010773e-17 -1.11429475e-17]
73,Airplane,20444,10228,triangles,0.15957611464772486,[ 0.0021564  -0.00425593  0.00020377],20444,10228,0.1557468752649602,[ 5.30254153e-18 -3.85822481e-18 -3.06999244e-17]
67,Airplane,20444,10233,triangles,0.16951518210104982,[0.00185294 0.00034735 0.0006465 ],20444,10233,0.16764445166345593,[ 2.00443373e-17  4.99752253e-18 -1.78805525e-17]
76,Airplane,20444,10224,triangles,0.15395501979793796,[-0.0010466   0.00060481 -0.00032886],20444,10224,0.15493123007449933,[ 1.46053401e-17  1.27752611e-17 -2.05920364e-17]
194,Hand,16938,8471,triangles,0.11916642525457127,[ 3.59669960e-17  3.28342136e-17 -3.18545279e-17],16938,8471,0.11916642525457136,[ 1.99868978e-18  5.13761570e-18 -3.25974835e-18]
181,Hand,20444,10224,triangles,0.15648006197307873,[-0.00144181 -0.00251224 -0.0026901 ],20444,10224,0.1539813171777491,[-1.80598559e-18  5.24896376e-18 -1.36160862e-16]
190,Hand,20444,10238,triangles,0.13318077798664768,[0.002784   0.00419775 0.00261528],20444,10238,0.1370134611582216,[-2.91490476e-17  1.66186441e-17 -2.48168138e-17]
195,Hand,17044,8524,triangles,0.1211381247532465,[ 3.30924349e-16 -3.65946063e-16 -3.36910814e-16],17044,8524,0.12113812475324642,[-5.68689733e-18  2.06196836e-17  1.00110884e-17]
191,Hand,20444,10224,triangles,0.35723260231817194,[0.01175385 0.01085406 0.003143  ],20444,10224,0.3349427190437224,[-3.38800454e-18 -1.40623906e-18 -1.57455339e-18]
188,Hand,17202,8603,triangles,0.3247856740782018,[-3.09784551e-16  2.02668451e-16 -7.26942497e-17],17202,8603,0.3247856740782018,[-2.57294799e-18 -3.09721639e-18 -9.81995040e-19]
189,Hand,20444,10224,triangles,0.5062111106443462,[ 0.03435879  0.02678029 -0.02308821],20444,10224,0.5971084582685213,[ 9.63518085e-17 -1.22543690e-17  3.03101528e-17]
183,Hand,22822,11413,triangles,0.2518416765820939,[3.46938615e-17 1.38726808e-16 1.57136490e-16],22822,11413,0.2518416765820939,[-6.61483972e-19  1.19456223e-17  5.83662328e-19]
187,Hand,20444,10224,triangles,0.15704438546533475,[-0.00221059 -0.00280858 -0.00255431],20444,10224,0.15466192616841226,[-1.05488290e-17  8.13609743e-18  3.70725881e-17]
184,Hand,20444,10224,triangles,0.14875128924741088,[-0.00120883  0.00064469  0.00519498],20444,10224,0.15348589195818482,[3.68417497e-17 3.28457267e-17 3.30506901e-17]
198,Hand,19124,9564,triangles,0.09001312236069337,[-2.06128100e-17  5.19053061e-17 -7.13855760e-17],19124,9564,0.0900131223606934,[-3.19882719e-18 -2.36375119e-18 -2.54222964e-18]
185,Hand,19896,9950,triangles,0.07806779659951701,[-2.13032029e-05  2.86714140e-05 -2.51045591e-04],19896,9950,0.07818550623829515,[ 1.70049974e-17  7.76667954e-18 -8.95375343e-17]
192,Hand,20444,10224,triangles,0.15882153600505675,[ 0.00104666 -0.00041726  0.00042368],20444,10224,0.15842457988498942,[ 1.24172538e-17  2.08058227e-17 -2.67321159e-17]
200,Hand,20444,10232,triangles,0.20874696993925523,[0.00010442 0.00154553 0.0010089 ],20444,10232,0.20684787827230325,[ 3.48843532e-18  1.04469958e-17 -1.07826831e-18]
193,Hand,20444,10225,triangles,0.0968909170436418,[ 0.00121024 -0.00137965  0.00101173],20444,10225,0.09617996614587121,[4.75237888e-18 2.70525248e-17 1.34339700e-17]
186,Hand,20444,10224,triangles,0.1568537636607149,[ 0.00165562  0.00012647 -0.00551525],20444,10224,0.16216093811673288,[ 2.49811040e-17 -6.44752466e-20  3.43035459e-17]
197,Hand,20444,10224,triangles,0.12075623895685463,[-0.00033644 -0.00095311 -0.00023263],20444,10224,0.12013186600602312,[-5.45799929e-18 -9.09983269e-18  2.47557799e-17]
182,Hand,20562,10283,triangles,0.22478412922292332,[-1.45557521e-16 -3.71765597e-16 -2.17165853e-16],20562,10283,0.2247841292229235,[-4.35376286e-18 -3.43739430e-18  2.61448453e-18]
196,Hand,20444,10224,triangles,0.15808854157266913,[ 0.001361   -0.0008651   0.00075226],20444,10224,0.15727079583288361,[-4.07171362e-17  8.99395755e-18 -5.46478616e-18]
199,Hand,17290,8647,triangles,0.15729836193876878,[ 7.95529300e-17  7.15013415e-16 -1.81067656e-17],17290,8647,0.1572983619387689,[-1.29677952e-18  2.11721726e-17 -5.68143505e-19]
374,Vase,20444,10222,triangles,0.12008574252227001,[ 0.00173609  0.00714072 -0.00165149],20444,10222,0.11508428248540288,[-1.16756970e-18 -7.58105724e-18  1.20069610e-17]
365,Vase,20444,10222,triangles,0.6781254315741528,[-0.00553789  0.00109281 -0.00098105],20444,10222,0.6560832018893582,[-6.26712585e-18 -1.80090839e-18  1.99844489e-18]
363,Vase,20444,10224,triangles,0.07479227614034455,[-0.000334    0.00352087 -0.00073158],20444,10224,0.07639479409991005,[-1.01531546e-18 -1.14453743e-17 -2.89968938e-18]
370,Vase,20444,10224,triangles,0.29160398897238893,[-0.00040279  0.0037605  -0.00279806],20444,10224,0.29828366539394086,[ 2.23966646e-20  1.15431052e-17 -3.44229948e-18]
364,Vase,20444,10220,triangles,0.47970388937690434,[ 4.23343664e-05  1.34642404e-03 -1.37119105e-03],20444,10220,0.4803759844143701,[-8.00595253e-18  4.13889405e-18  4.31542169e-18]
366,Vase,21274,10637,triangles,0.20904570929027413,[-1.23158354e-16 -2.01225966e-16 -7.17751827e-17],21274,10637,0.2090457092902741,[5.44308835e-18 6.37070959e-18 1.91786670e-18]
373,Vase,21112,10556,triangles,0.15646600079883236,[ 1.55136472e-16  2.63892262e-16 -1.33974028e-16],21112,10556,0.15646600079883247,[-6.38935665e-18 -6.03833643e-18  4.67764011e-18]
376,Vase,25132,12568,triangles,0.309939701898981,[7.02054033e-17 7.26662524e-17 1.26589541e-16],25132,12568,0.309939701898981,[ 5.95210429e-18 -1.13513414e-18 -1.81091439e-19]
367,Vase,20444,10222,triangles,0.2942887051707197,[0.00240118 0.00148932 0.00644805],20444,10222,0.2985695896540615,[-4.26325859e-17 -6.01922912e-17  5.34366785e-18]
362,Vase,20444,10222,triangles,0.11470294495873497,[-0.00183846  0.00250293  0.00036128],20444,10222,0.1164428943614613,[-4.20868149e-19 -9.19936316e-18 -2.64060823e-18]
375,Vase,23520,11762,triangles,0.19771200971073413,[-3.20456314e-17 -2.01712855e-17 -5.70426398e-17],23520,11762,0.19771200971073427,[ 2.61934101e-18 -1.91259089e-18 -2.74440864e-18]
369,Vase,20444,10222,triangles,0.3473538728022955,[-0.00211414  0.00945914 -0.0017213 ],20444,10222,0.36783800876863176,[-4.61054269e-18 -1.96572578e-17  3.99892624e-18]
378,Vase,20444,10222,triangles,0.3406511331790608,[ 0.00236312 -0.00334055  0.0009965 ],20444,10222,0.33586643782153447,[ 1.05314787e-16  1.03587870e-17 -5.79915580e-18]
361,Vase,20444,10214,triangles,0.26278653358788967,[ 1.04572677e-05  1.22355542e-02 -1.86393128e-03],20444,10214,0.2754734469923994,[ 7.37503742e-18 -4.23752150e-17  5.64676778e-18]
379,Vase,20444,10225,triangles,0.29337809322299246,[ 0.00166314  0.00090168 -0.00050268],20444,10225,0.296325253458279,[-6.75471632e-17 -1.27215882e-18 -2.39960184e-18]
368,Vase,22400,11202,triangles,0.45665647312671165,[ 2.02058042e-16 -1.07697184e-16  1.41825491e-17],22400,11202,0.45665647312671165,[-4.84087269e-18  2.06643011e-18 -1.98218715e-20]
371,Vase,20444,10224,triangles,0.2904584551450374,[-0.00078247  0.01111895 -0.00201338],20444,10224,0.3107308963076406,[-6.4502394e-18  6.2547776e-18  8.2351857e-18]
377,Vase,20444,10220,triangles,0.14212814295318307,[0.00055503 0.01130219 0.00024612],20444,10220,0.15221901631396645,[-3.14490769e-18  2.74622682e-17  1.92550911e-18]
380,Vase,18708,9356,triangles,0.1953997845075661,[-1.48475717e-16 -1.33276305e-16 -2.71778289e-17],18708,9356,0.1953997845075661,[-7.14655640e-18 -1.02792934e-18 -6.65261632e-19]
372,Vase,20444,10222,triangles,0.35846456208904576,[ 0.00016013 -0.00407987  0.00160875],20444,10222,0.3581203848148081,[-1.73419400e-16  4.77345939e-18 -6.93006925e-18]
337,Mech,23062,11533,triangles,0.5274883693173279,[ 2.36209984e-16  2.08245032e-16 -4.46779814e-16],23062,11533,0.5274883693173282,[ 1.40306083e-18 -2.83548246e-17 -4.50760367e-18]
335,Mech,20444,10479,triangles,0.3957094060906963,[-0.02009187  0.03418637  0.00357455],20444,10479,0.48938406324348577,[ 1.80230402e-15 -1.02959704e-15  7.71032356e-17]
327,Mech,20444,10291,triangles,0.627235354207107,[ 0.00130505 -0.00632119 -0.0003811 ],20444,10291,0.651639005835184,[-1.34076880e-16  2.67225968e-17 -1.39826365e-17]
339,Mech,20444,10467,triangles,0.27372689505318637,[0.02064908 0.03941631 0.00291808],20444,10467,0.3501884463186501,[ 1.48433859e-15  2.09350811e-16 -1.21369322e-16]
325,Mech,20444,10329,triangles,0.5286868357841918,[ 0.00152918 -0.01979001 -0.01390376],20444,10329,0.5967809272504392,[ 6.73453612e-17  4.13525562e-17 -2.50442409e-18]
336,Mech,20444,10443,triangles,0.13178694504757538,[-0.00154729  0.03250561 -0.00096525],20444,10443,0.1612327268172835,[2.36916084e-17 1.82970719e-16 5.67709562e-17]
331,Mech,20444,10406,triangles,0.27372733420826156,[0.002474   0.04561305 0.01429364],20444,10406,0.36471248568095993,[-1.10658487e-15 -3.16144435e-16 -5.39027895e-16]
330,Mech,20444,10461,triangles,0.38418289829410945,[-0.00371145  0.03535093  0.02218723],20444,10461,0.4787103706031206,[ 4.00514468e-15 -6.63629153e-17  5.47289752e-16]
328,Mech,20444,10437,triangles,0.37111423525887255,[-0.00864855  0.03037436  0.01234485],20444,10437,0.44788057048930174,[4.85604764e-15 5.97990779e-16 1.34264971e-16]
340,Mech,20444,10450,triangles,0.6924471109315674,[-0.00616389  0.01201697  0.00284924],20444,10450,0.6725259348400194,[ 5.04399818e-16 -1.70092542e-16  6.44367600e-17]
329,Mech,20444,10460,triangles,0.3782542250967,[-0.02657919  0.02361904 -0.0122286 ],20444,10460,0.4373514902881424,[-2.13462666e-15  1.28083756e-15 -1.67832340e-16]
332,Mech,20444,10417,triangles,0.2888715004689878,[0.00332927 0.05573364 0.00297515],20444,10417,0.4117981892830285,[-3.47580167e-16  6.94920533e-16 -1.01057259e-16]
333,Mech,20444,10427,triangles,0.2810470305467792,[0.03696893 0.04739515 0.00592282],20444,10427,0.37890592153362196,[ 6.16619912e-16 -7.55397790e-16  1.07186512e-16]
338,Mech,20444,10224,triangles,0.3423044236797242,[0.01537454 0.11187255 0.00548886],20444,10224,0.5077358932971868,[ 1.59084187e-18  2.11986466e-16 -6.81401553e-19]
321,Mech,20444,10453,triangles,0.39570956389119794,[ 0.014043    0.04592946 -0.0236592 ],20444,10453,0.5283437631018585,[-4.85771696e-16  3.21473983e-17  8.57467524e-16]
322,Mech,20444,10473,triangles,0.3989789742081383,[0.01558542 0.06464196 0.00058315],20444,10473,0.49961648935000635,[2.20077624e-15 1.66244267e-15 4.86948292e-17]
323,Mech,20444,10443,triangles,0.39753599434315123,[-0.01351464  0.04989428  0.02457318],20444,10443,0.5449327224293348,[ 2.92004443e-15 -1.27856911e-15 -8.53889932e-16]
326,Mech,20444,10360,triangles,0.6485697715435454,[ 0.00372558 -0.05933865 -0.04486944],20444,10360,0.5616455460733292,[6.19442292e-16 2.70348951e-16 5.07971239e-16]
324,Mech,20444,10355,triangles,0.8625335441274258,[ 0.00460467  0.04780451 -0.00644298],20444,10355,0.6558570738061356,[5.90600051e-17 6.36995151e-16 4.44871553e-17]
334,Mech,20444,10420,triangles,0.6924466846847663,[-0.0063389  -0.00045534 -0.07050143],20444,10420,0.47511232849791196,[ 5.54099313e-17  1.09474703e-16 -1.22284354e-16]
121,Octopus,20444,10227,triangles,0.21098237064617775,[ 0.00088757 -0.00137699  0.00030804],20444,10227,0.209862778695136,[-1.12269363e-17  4.80063986e-18  5.64501782e-18]
127,Octopus,23808,11906,triangles,0.5901304659369265,[-1.53274606e-16  1.09357953e-16 -5.25877939e-17],23808,11906,0.5901304659369265,[ 9.06497193e-18 -2.30762224e-18 -1.24953708e-18]
125,Octopus,20444,10241,triangles,0.4463186885001984,[-0.00115993  0.00389567 -0.00862691],20444,10241,0.4835790585970649,[5.96449459e-17 5.98082380e-18 8.52912767e-18]
124,Octopus,24792,12398,triangles,0.3106879499388927,[ 2.36261318e-05 -7.66671152e-06 -2.50634123e-04],24792,12398,0.3107022421064876,[-5.13314023e-17 -4.49849981e-17  5.31134886e-17]
134,Octopus,21860,10932,triangles,0.4930186494208775,[ 1.15748519e-16  1.61163618e-16 -1.71217778e-16],21860,10932,0.49301864942087764,[ 4.02547248e-18 -2.81821157e-19 -4.69701929e-18]
123,Octopus,20444,10225,triangles,0.6563232780307311,[ 0.00300861 -0.00542906 -0.0370202 ],20444,10225,0.5458482519394531,[-4.89421055e-18  8.09458450e-18  4.39203143e-17]
135,Octopus,20444,10224,triangles,0.5591294490411204,[ 0.00149325 -0.00444667  0.00070544],20444,10224,0.5444733271775786,[ 7.65558717e-18  7.80218352e-18 -3.04391032e-19]
137,Octopus,18244,9124,triangles,0.4451855902637092,[-2.18001733e-16  6.89402381e-18 -8.80336040e-17],18244,9124,0.4451855902637092,[7.08491184e-18 5.30988133e-18 4.24973029e-18]
131,Octopus,22098,11051,triangles,0.588150767032245,[-1.72240099e-16 -1.02096113e-16 -1.23540065e-16],22098,11051,0.5881507670322454,[-8.88506182e-18  6.06297706e-18 -1.18697720e-17]
133,Octopus,20932,10466,triangles,0.38377979480292956,[-3.08663429e-17 -5.53599886e-17 -4.00545264e-16],20932,10466,0.3837797948029294,[5.45511361e-18 6.34219942e-18 1.93486475e-17]
132,Octopus,20444,10244,triangles,0.07734731161135987,[ 0.00264249 -0.00440608  0.00887708],20444,10244,0.07859350403780328,[ 1.45412637e-18  1.77780368e-17 -9.25005224e-18]
139,Octopus,16030,8017,triangles,0.33562834347922177,[-1.95833121e-17 -5.55211047e-17  1.04723895e-16],16030,8017,0.33562834347922177,[-6.94495256e-18 -1.94179973e-18 -5.18750912e-18]
128,Octopus,20444,10225,triangles,0.25651505334764024,[-0.00026024  0.00107041  0.00012092],20444,10225,0.256777885342727,[ 3.95269256e-17 -2.60848121e-17 -1.76549891e-17]
122,Octopus,20444,10225,triangles,0.2787805358511535,[-0.00120519  0.00141194 -0.00291244],20444,10225,0.2767743064747265,[-1.44403641e-17 -8.25881064e-19  2.48700815e-17]
130,Octopus,20444,10231,triangles,0.43998326655947045,[-0.00160536 -0.00157043 -0.00090134],20444,10231,0.4452860448428475,[ 1.63322749e-17 -2.92042588e-18 -2.09923413e-17]
136,Octopus,20444,10224,triangles,0.5763336542695126,[ 0.00032856 -0.00150033  0.02507857],20444,10224,0.5751989937551409,[-3.93366873e-18 -4.86482702e-18  6.92423427e-17]
129,Octopus,20444,10226,triangles,0.34035688478287324,[ 0.00122804 -0.00388043 -0.00069701],20444,10226,0.3378613320478437,[4.65810404e-17 3.10506342e-18 3.28583022e-17]
126,Octopus,20444,10226,triangles,0.4738515270851078,[-0.00182303 -0.00332758 -0.00035924],20444,10226,0.4840574899217897,[-7.44916656e-18  3.01888705e-18  5.87899245e-18]
138,Octopus,19184,9594,triangles,0.4397443644392189,[-1.53604574e-17  6.12349793e-17 -4.12283415e-17],19184,9594,0.4397443644392189,[-2.31730416e-18  1.50002772e-18 -4.59410612e-18]
140,Octopus,18396,9200,triangles,0.35544301034326586,[-4.20979676e-17  1.03425722e-16 -3.65378018e-17],18396,9200,0.3554430103432659,[ 9.03866354e-18 -5.73212975e-19  5.86034844e-19]
398,FourLeg,20444,10235,triangles,0.053142774387666805,[ 0.00426105  0.00321434 -0.00039474],20444,10235,0.05258749389215509,[-3.38070233e-17  1.03876632e-16  4.28808050e-19]
383,FourLeg,20444,10224,triangles,0.12724945040837463,[ 0.00075202 -0.00386626 -0.00384589],20444,10224,0.13024757030619463,[-3.41379463e-18 -2.69411514e-17 -4.27572688e-20]
400,FourLeg,20444,10224,triangles,0.11920581898197186,[ 0.00091853 -0.00051045  0.01088873],20444,10224,0.12734575019727667,[-2.38029037e-17  1.39375122e-17  9.46903832e-17]
397,FourLeg,20444,10224,triangles,0.20891232749412633,[ 0.0006544   0.00157694 -0.00107443],20444,10224,0.2076748524830265,[-5.02418269e-17  3.34032679e-18  1.54740592e-18]
385,FourLeg,20868,10436,triangles,0.15526054628221625,[-2.73938701e-17  1.59671688e-16  2.67529068e-17],20868,10436,0.1552605462822164,[-1.22607516e-17 -3.32449880e-18 -3.59045871e-19]
382,FourLeg,16152,8078,triangles,0.3540561970862575,[-5.28491517e-17  8.09783865e-17  1.84544685e-17],16152,8078,0.3540561970862575,[-1.81847467e-18  7.23610327e-18  3.10953156e-18]
390,FourLeg,18474,9239,triangles,0.13217498280973422,[ 4.87562631e-17 -2.21850836e-17  1.38883024e-17],18474,9239,0.13217498280973422,[-1.98275570e-18 -6.90960319e-19 -6.82548629e-18]
395,FourLeg,22620,11312,triangles,0.2754512868752952,[ 4.49575549e-16  5.38389956e-16 -2.54234521e-16],22620,11312,0.2754512868752952,[ 8.93124958e-19  1.56572902e-18 -1.52493726e-17]
387,FourLeg,20444,10224,triangles,0.26890275093516675,[-0.0111989  -0.00825187 -0.00205663],20444,10224,0.28781189064909485,[ 6.71574168e-17 -2.53937455e-17  2.97943508e-18]
388,FourLeg,16818,8411,triangles,0.15972694269044138,[-2.12151463e-17  1.41731301e-18 -4.55619109e-17],16818,8411,0.15972694269044155,[-3.48800897e-18  1.45196211e-18 -3.56885686e-18]
393,FourLeg,19510,9757,triangles,0.26403092712924725,[-2.65856996e-17 -1.18293313e-16 -8.86858487e-17],19510,9757,0.26403092712924725,[ 2.80272429e-18 -5.66660927e-18  1.26986666e-17]
394,FourLeg,18014,9009,triangles,0.20089210263620072,[ 6.49016490e-17  1.20107794e-17 -4.04687938e-17],18014,9009,0.20089210263620072,[ 5.98921512e-18 -1.23697010e-18 -1.14300350e-18]
386,FourLeg,16680,8342,triangles,0.4195626171060111,[0.00015644 0.00011671 0.00025197],16680,8342,0.4199566845548859,[ 8.13169825e-18  4.72463646e-19 -2.82147304e-18]
399,FourLeg,20444,10224,triangles,0.2594768808404795,[ 4.30120437e-05 -2.08844913e-03  1.86528257e-03],20444,10224,0.2562524290861008,[-4.83062121e-17 -6.88459896e-18  7.31027132e-17]
391,FourLeg,20444,10224,triangles,0.16326095747463765,[ 0.00012786 -0.00245299  0.00419379],20444,10224,0.15922082725226885,[-2.09442748e-18  5.18896784e-17  2.94278599e-18]
389,FourLeg,18976,9490,triangles,0.2848325255144033,[ 9.70713967e-18  2.02975442e-17 -8.44512377e-17],18976,9490,0.28483252551440347,[-2.17891505e-19  1.36467351e-17  6.33640196e-18]
384,FourLeg,20444,10224,triangles,0.12565562397884458,[ 0.00056482  0.0004718  -0.00034623],20444,10224,0.12616516816472298,[-5.64667423e-19 -1.49528277e-17  3.52265600e-17]
381,FourLeg,20444,10224,triangles,0.146545441200991,[-1.39795879e-03  1.47411419e-03 -6.34669372e-05],20444,10224,0.14612217135024558,[ 1.53600398e-17 -4.81324683e-18  1.68196406e-17]
396,FourLeg,20444,10224,triangles,0.2152844554027073,[ 7.64294160e-04 -1.69855032e-03 -8.74372265e-05],20444,10224,0.21430022199810056,[4.13673182e-17 2.16473944e-17 4.83564349e-18]
392,FourLeg,17232,8618,triangles,0.15112702605446274,[-8.27643052e-17  2.76113584e-16  1.01255827e-16],17232,8618,0.15112702605446274,[-1.47570257e-17 -1.16450270e-17  6.08652832e-20]

min,-1,15750,7877,-1,0.008901919138502478,[-0.03386655 -0.05933865 -0.07050143],15750,7877,0.008890628809111843,[-3.88820920e-15 -2.34983852e-15 -2.09733961e-15]
max,-1,26408,13206,-1,0.8625335441274258,[0.07793601 0.11187255 0.0271279 ],26408,13206,0.7638861407252174,[4.85604764e-15 8.69647666e-15 2.18305391e-15]
avg,-1,20368.73157894737,10203.476315789474,-1,0.2500041478348008,[ 0.00011895  0.00252031 -0.00075424],20368.73157894737,10203.476315789474,0.25562575377039454,[3.50524549e-17 4.77234722e-17 1.16799079e-17]
