Mesh,Class,Number of faces,Number of vertices,Type of faces,Bounding box volume,Centroid,Normalized number of faces,Normalized number of vertices,Normalized bounding box volume,Normalized centroid
52,Glasses,3104,1554,triangles,0.20552336191048404,[-0.00066658 -0.00064173 -0.00069912],3104,1554,0.029388877642345306,[ 1.66729922e-17 -1.47931503e-17 -7.51043729e-18]
56,Glasses,17538,8771,triangles,0.67261356339936,[-4.98606089e-05 -2.08498682e-05 -7.07018652e-05],17538,8771,0.08779089560881598,[ 1.76374959e-16  2.99264028e-17 -7.05012506e-17]
57,Glasses,14822,7413,triangles,0.3786695908588563,[-4.83836153e-05 -2.56691081e-05 -7.22135684e-05],14822,7413,0.07407133350501803,[-4.31720793e-16 -8.40267945e-17 -4.51652913e-17]
46,Glasses,4784,2394,triangles,0.2841150328452107,[-0.00041568 -0.00036636 -0.00042162],4784,2394,0.03591202840620416,[-3.16742826e-17 -4.82592245e-18  2.82715001e-17]
54,Glasses,14810,7407,triangles,0.3790098235207778,[-2.79601810e-05 -7.45353908e-05 -2.11896666e-05],14810,7407,0.07410016263024352,[ 1.14259891e-16 -1.68720126e-17  1.71996884e-17]
43,Glasses,6824,3414,triangles,0.28305565924678405,[-0.00038154 -0.00020381 -0.00010042],6824,3414,0.06321694927535461,[-2.14548811e-16  1.51054070e-17  1.52842654e-18]
42,Glasses,8324,4164,triangles,0.34756936670106686,[-1.86201953e-04 -8.24065492e-05 -1.55216995e-04],8324,4164,0.07617300264193458,[-6.13635517e-17 -7.38149002e-17 -5.31956870e-17]
47,Glasses,4052,2028,triangles,0.0769218464190547,[-0.00048367 -0.00058523 -0.00055199],4052,2028,0.009699974079248556,[9.66791845e-17 1.83138213e-18 1.83121105e-17]
55,Glasses,5696,2850,triangles,0.3386400701321079,[-0.00059836 -0.00029512 -0.00019572],5696,2850,0.06994845306322707,[ 1.13415612e-16  5.25164707e-18 -1.92876904e-17]
44,Glasses,12572,6288,triangles,0.432773933012788,[-1.78945941e-04 -1.00988084e-04 -2.73361507e-05],12572,6288,0.0690833135613343,[ 1.19797443e-17 -7.70252536e-18 -2.54364313e-16]
53,Glasses,4988,2496,triangles,0.3291076573453271,[-0.00039271 -0.00031891 -0.00039285],4988,2496,0.042602354216504074,[ 8.32667268e-17  1.56257163e-17 -9.44784893e-18]
58,Glasses,3710,1857,triangles,0.11062596362080464,[-0.00051766 -0.0005945  -0.00058853],3710,1857,0.014219248023866649,[-1.12218019e-16  6.71469701e-18  6.69227732e-18]
50,Glasses,14836,7420,triangles,0.3815574081611205,[-4.80625910e-05 -2.53923976e-05 -7.19946518e-05],14836,7420,0.07458327703871277,[-3.96208972e-17 -2.67156767e-17 -1.22964307e-17]
59,Glasses,5786,2895,triangles,0.33370050756291997,[-0.00029435 -0.00026758 -0.00033525],5786,2895,0.05792815790527752,[ 1.50095825e-16 -5.69492640e-18 -2.82876773e-17]
41,Glasses,14028,7016,triangles,0.3629201911498733,[-5.19445868e-05 -2.66078351e-05 -7.49991860e-05],14028,7016,0.06998788201186484,[-1.3892796e-16  1.3516008e-16 -2.3624481e-17]
60,Glasses,4746,2375,triangles,0.27324584643387634,[-0.0004138  -0.00035628 -0.00042801],4746,2375,0.035015204437064976,[-1.58937191e-17 -2.47375220e-17 -4.14617171e-18]
45,Glasses,10794,5399,triangles,0.4361580973738935,[-6.21364525e-05 -1.42500449e-04 -4.57165393e-05],10794,5399,0.07536480235272072,[-5.06684485e-17  2.62110645e-17  5.14601430e-17]
51,Glasses,5712,2858,triangles,0.35541534752931775,[-0.00028632 -0.00020745 -0.00029714],5712,2858,0.07952940016904891,[-9.35512456e-17  3.24268254e-17 -2.60706238e-17]
49,Glasses,6220,3110,triangles,0.3734718224705382,[-0.00038634 -0.00022781 -0.0002937 ],6220,3110,0.07604434858864777,[-1.44788611e-16  1.48684209e-17  1.37751547e-17]
48,Glasses,10348,5176,triangles,0.42845945591048723,[-1.52213589e-04 -6.97091263e-05 -1.29179277e-04],10348,5176,0.08856213963001407,[-9.08941478e-16  1.21398469e-16 -5.67605811e-18]
313,Bust,21700,10852,triangles,3.0065461066734716,[-7.66111595e-05 -4.56913967e-05  2.09215386e-03],21700,10852,0.5485309294006627,[4.87666384e-17 1.90135412e-17 1.43161684e-16]
305,Bust,55644,27824,triangles,3.403453653836726,[ 1.05240853e-04 -9.18472858e-05  1.55856158e-03],55644,27824,0.5752664164962252,[ 1.44164598e-17 -1.18540768e-16 -1.18158709e-16]
309,Bust,10390,5197,triangles,1.842798150452211,[-0.00031139  0.00035535  0.00018554],10390,5197,0.3426677150941417,[-2.70719671e-17  6.19627070e-17 -7.66602910e-17]
301,Bust,18500,9252,triangles,1.539751654142971,[-1.09620399e-05  7.33691176e-05  3.13480290e-05],18500,9252,0.2289137828992296,[ 3.33339903e-16  9.82454978e-17 -1.84305932e-17]
310,Bust,16522,8263,triangles,4.368878262030759,[-0.00014096 -0.00017721  0.00011504],16522,8263,0.5484855872898395,[ 1.15626846e-15 -8.04023232e-18 -8.96253502e-17]
303,Bust,31028,15516,triangles,1.5248998960909437,[-2.72370527e-05 -2.37637417e-07 -6.27739888e-06],31028,15516,0.3666054257915583,[-2.44056229e-16 -4.17247058e-16 -2.12462259e-17]
306,Bust,53592,26798,triangles,2.121073525210863,[ 2.67539908e-05 -6.15583581e-05  1.23759040e-03],53592,26798,0.2666499511959154,[ 1.27435694e-16  1.49716255e-16 -6.98446616e-17]
314,Bust,52870,26437,triangles,1.8681280330053012,[-5.09107502e-06 -5.55928883e-06  1.82845591e-04],52870,26437,0.23878670196673976,[ 6.66343265e-17 -3.66362679e-16  1.45176873e-16]
308,Bust,47948,23976,triangles,4.840229422578636,[-2.31658340e-04  5.52217783e-05  2.37304665e-03],47948,23976,0.6917113388665845,[-2.25420862e-16  4.66792845e-16 -3.04782290e-16]
304,Bust,50930,25467,triangles,1.5459188051805264,[-2.50399930e-05  4.18099073e-06 -1.22727970e-05],50930,25467,0.2083266064414492,[5.96884378e-16 8.67591972e-17 8.64483134e-17]
312,Bust,53966,26985,triangles,2.7802088611351863,[-2.50812905e-04  3.48942338e-04  5.15479511e-05],53966,26985,0.4281302993502863,[-1.16255594e-16  3.64088147e-17 -7.61686639e-17]
315,Bust,51532,25768,triangles,2.495759369808345,[-3.83256047e-05 -6.78264115e-05 -1.02086766e-04],51532,25768,0.481285818598151,[1.17161963e-16 4.90882043e-17 1.56973894e-16]
318,Bust,50286,25145,triangles,2.200485376830769,[-1.24420929e-05 -4.43483851e-06  2.88381539e-04],50286,25145,0.6245639950754757,[-2.22552363e-17  4.80912674e-17 -1.15049869e-16]
307,Bust,54874,27439,triangles,5.144361786226933,[ 7.92083452e-05 -7.09431427e-05  1.45600492e-03],54874,27439,0.8458710775150878,[ 1.96168972e-16 -7.23916879e-17 -1.42529670e-16]
319,Bust,53112,26558,triangles,2.5111917908231245,[-3.59414442e-05  2.34437976e-05 -4.59554730e-05],53112,26558,0.3286260875363531,[ 3.64808990e-16 -8.63008142e-16  1.70007342e-16]
317,Bust,55448,27726,triangles,2.5767053849819104,[ 1.28643957e-05  4.38444798e-07 -2.51605786e-05],55448,27726,0.3356211517954565,[ 2.41280102e-16 -4.92192968e-16 -1.61902519e-17]
311,Bust,50456,25230,triangles,2.4979772196599392,[-2.38064074e-05 -1.89593959e-05  3.37749029e-04],50456,25230,0.32642132497037313,[ 9.29190225e-17 -4.86680762e-16  4.27480419e-17]
316,Bust,46786,23395,triangles,2.654213900809968,[1.99091772e-05 9.77757194e-05 2.95495601e-04],46786,23395,0.4631753776560141,[-9.84726774e-17  3.37588237e-16 -1.74997154e-16]
302,Bust,50246,25125,triangles,2.4596876974769506,[-8.01030445e-07 -5.42867105e-06 -1.34438193e-05],50246,25125,0.32686654808443477,[ 6.78086664e-17 -2.12234873e-16  1.08459400e-17]
320,Bust,54232,27118,triangles,3.988116165467631,[-1.67818266e-05  2.51039738e-05  1.93415324e-04],54232,27118,0.5713595758921353,[ 1.58138615e-16 -1.71268216e-16 -4.52750161e-16]
101,Chair,16998,8499,triangles,1.0086565943533243,[-1.68480538e-04 -1.83243921e-04 -8.25606780e-05],16998,8499,0.22244273859203564,[ 1.24398798e-16  1.72052565e-16 -3.20337029e-17]
116,Chair,26926,13463,triangles,1.6733964719331467,[-7.39558206e-05 -1.26512082e-04 -4.01378683e-05],26926,13463,0.3426243637903973,[-1.10659458e-16 -6.11490605e-16  3.43425512e-16]
107,Chair,22854,11421,triangles,2.1161682663038412,[-9.24252314e-05 -3.17842948e-05 -5.05599128e-05],22854,11421,0.36708025787899395,[-4.52811280e-17 -9.49749332e-17  6.71470584e-18]
117,Chair,28744,14372,triangles,1.4577651143908859,[-3.84775253e-05 -7.08164596e-05 -3.64023307e-05],28744,14372,0.2944578586875458,[-1.19451523e-15 -6.62012579e-16 -1.14446366e-16]
102,Chair,31456,15724,triangles,2.345098897345942,[-6.14450007e-05 -1.51690105e-05 -2.36355287e-05],31456,15724,0.5496002040327485,[6.55135024e-17 1.46526986e-16 1.83073122e-16]
112,Chair,27256,13628,triangles,1.1167475028005451,[-4.27114227e-05 -7.05582658e-05 -3.00410978e-05],27256,13628,0.29252342033551376,[-1.70494754e-16 -3.26973736e-16 -1.63898018e-16]
119,Chair,24652,12326,triangles,1.3264217393356388,[-6.24337161e-05 -9.13169289e-05 -4.51383966e-05],24652,12326,0.24680725314587093,[-1.25170418e-15  2.31743519e-15 -1.26145331e-16]
120,Chair,20242,10121,triangles,0.9830911739900141,[-7.46111656e-05 -1.10250763e-04 -6.92608331e-05],20242,10121,0.15801000581607402,[-9.79244461e-16 -5.16630509e-16  3.36511330e-16]
106,Chair,28104,14052,triangles,1.5364665542711302,[-5.18161276e-05 -9.39899093e-05 -1.55541289e-05],28104,14052,0.3027956843572241,[ 1.63934084e-16 -1.86074153e-16  3.90863370e-17]
113,Chair,21500,10748,triangles,1.1116262186856671,[-1.04698622e-04 -1.47102078e-04 -4.47086446e-05],21500,10748,0.22072525768922932,[-6.64011087e-16  2.14736429e-16 -2.32423248e-16]
109,Chair,20602,10301,triangles,1.0427392384305025,[-2.21013179e-05 -1.62507980e-05 -1.50614823e-05],20602,10301,0.2887972535219734,[-1.93600596e-16  5.65491898e-17 -3.28098333e-16]
111,Chair,16100,8050,triangles,0.8492330531403457,[-9.55462310e-05 -3.20811813e-05 -8.77615905e-05],16100,8050,0.15765023160221958,[-9.20340408e-16  5.04592917e-16  1.28644507e-16]
118,Chair,18306,9153,triangles,1.0069274139354984,[-1.34948447e-04 -9.69400043e-05 -7.08794935e-05],18306,9153,0.2187565210379566,[ 9.92323234e-17  1.31184137e-15 -3.29085364e-16]
108,Chair,21008,10500,triangles,2.1563219132765004,[-1.01303554e-04 -9.36589123e-05 -5.55681819e-05],21008,10500,0.37698323273998163,[ 9.28410787e-17 -5.33805804e-17  4.77395901e-17]
104,Chair,17306,8653,triangles,0.7746421862792151,[-8.88140412e-05 -9.15438868e-05 -2.83687407e-05],17306,8653,0.143234014154243,[-4.14344907e-16 -3.72026716e-16 -5.16051466e-16]
103,Chair,19304,9652,triangles,1.205815815179965,[-7.46250259e-05 -2.67607865e-05 -6.60800692e-05],19304,9652,0.25166332533704106,[ 5.46795192e-16 -4.95114379e-16 -1.40960481e-16]
110,Chair,16920,8456,triangles,0.8084723099805062,[-8.95204885e-05 -3.00289641e-05 -8.22112596e-05],16920,8456,0.15017186115680786,[ 1.62376354e-16  7.18761419e-17 -3.83707047e-18]
114,Chair,11588,5794,triangles,0.6067947578270683,[-6.81701086e-05 -2.71243127e-04 -2.67547200e-05],11588,5794,0.1158848875461972,[ 3.01871825e-16 -3.45579431e-17  4.61794527e-17]
115,Chair,20086,10043,triangles,1.170812828769356,[-7.45301835e-05 -1.53923176e-04 -1.68582521e-05],20086,10043,0.23026172660231467,[-6.61402405e-17  4.07227329e-16  6.73673117e-16]
105,Chair,18530,9261,triangles,0.7099497121467431,[-1.45300360e-04 -8.30928933e-05 -2.57844747e-05],18530,9261,0.13069474614576368,[ 1.13893466e-16 -1.31969332e-16 -5.17180990e-16]
5,Human,30308,15154,triangles,1.480073905152705,[ 0.00301874  0.00057481 -0.001771  ],30308,15154,0.18538093938354638,[-1.28380069e-16  1.04706142e-16 -8.00541573e-17]
20,Human,31396,15700,triangles,1.1373216698906896,[-0.00096443 -0.00047045  0.00155226],31396,15700,0.15708253545096562,[ 2.00812474e-17  2.19612014e-16 -7.67043895e-17]
2,Human,20096,10050,triangles,0.6602762699388024,[-1.85292822e-06  2.18411301e-06 -5.15234759e-05],20096,10050,0.09337201262046163,[-5.27362841e-17 -1.70212103e-16 -2.06160407e-16]
6,Human,20192,10098,triangles,0.34485884447390364,[-0.00030656 -0.00105481 -0.00021713],20192,10098,0.044766486587953055,[4.10877621e-17 1.98504040e-16 1.73334917e-17]
10,Human,19012,9508,triangles,0.6971033403270472,[-1.93491027e-05  4.21721113e-06  6.33573833e-06],19012,9508,0.09714529026727946,[-7.30744054e-18 -8.26245070e-17  2.40117256e-17]
11,Human,21994,10999,triangles,1.2283128875674925,[7.27428533e-06 1.30867450e-05 1.48194976e-04],21994,10999,0.2083596409394341,[4.21355327e-17 5.52520231e-18 2.92471949e-16]
3,Human,11278,5641,triangles,0.5702941921362159,[ 0.0001159  -0.00723859 -0.00035278],11278,5641,0.08848915178754264,[-2.92688843e-17  8.32519659e-18 -2.36212692e-17]
13,Human,27402,13703,triangles,1.181549614493162,[0.00117982 0.00057467 0.00127802],27402,13703,0.14813086138501144,[ 1.06403378e-16 -1.33023402e-16 -1.15580715e-17]
14,Human,11378,5691,triangles,1.27154405422569,[-0.00222345 -0.00252333 -0.0013002 ],11378,5691,0.2759445983121855,[ 3.67855261e-17  2.53853051e-17 -4.64202370e-17]
8,Human,22026,11015,triangles,0.9346382154853791,[ 2.86579818e-05  3.86586310e-05 -1.50811342e-04],22026,11015,0.12080813749364129,[-1.21228744e-16  9.52420671e-18  2.21117319e-16]
18,Human,30766,15385,triangles,1.7188288204355744,[ 5.72615860e-05 -4.15965945e-04 -1.12312035e-04],30766,15385,0.27977235764909514,[-3.88469815e-17 -3.08684938e-17  4.46380375e-17]
7,Human,16878,8441,triangles,0.3613764186568686,[-3.38062578e-06 -8.37919328e-06 -1.04550848e-04],16878,8441,0.047131487812672464,[-6.97984209e-18  1.25953954e-17  5.16771267e-16]
4,Human,11348,5676,triangles,0.6272269612912783,[-0.00057524 -0.00532061  0.00055406],11348,5676,0.09358690420735248,[-2.59902897e-18  3.40954459e-17  1.26479557e-17]
1,Human,9408,4706,triangles,0.38393364693989557,[ 0.00078913  0.00023878 -0.00618138],9408,4706,0.052020060707521326,[-2.60975250e-17 -1.05019702e-17 -1.95503999e-16]
15,Human,11258,5631,triangles,0.6610029249114965,[-0.00130089 -0.00503156  0.00079902],11258,5631,0.12770797379565774,[-6.54857342e-18 -2.04566134e-16 -5.98191557e-17]
9,Human,5274,2639,triangles,0.8605177217545064,[-4.85607766e-05 -1.63270943e-05 -1.12318332e-05],5274,2639,0.11127564311150502,[-1.20267149e-17 -2.43899886e-17  3.46550290e-18]
19,Human,30950,15477,triangles,1.324518179016158,[ 8.58714891e-05 -1.02600112e-03 -7.83373012e-07],30950,15477,0.17385103555235598,[-1.74735310e-16  2.42526380e-16  7.20834375e-17]
16,Human,30450,15223,triangles,1.243449743894539,[-2.01433382e-05 -4.31646219e-04 -3.67206909e-04],30450,15223,0.21561699107067595,[ 7.17600962e-17  3.61407751e-17 -7.76364820e-17]
17,Human,31816,15910,triangles,1.4988781439399035,[ 0.00069671 -0.00187908 -0.00083784],31816,15910,0.31056063258501193,[ 3.47389552e-17  9.76922991e-17 -7.91792778e-17]
12,Human,11224,5614,triangles,1.2180887460414132,[-1.36253941e-05  2.09419319e-05  2.95548846e-04],11224,5614,0.20219233446198637,[ 2.77061357e-17 -1.14564673e-17  1.47973705e-16]
237,Fish,8874,4439,triangles,0.47855090516198423,[-0.00017026 -0.00020972 -0.00019805],8874,4439,0.06723251857431456,[ 5.89501164e-17 -3.57339749e-17 -3.68782124e-17]
232,Fish,10876,5440,triangles,0.5738024963793075,[-0.00017899 -0.00017051 -0.00016243],10876,5440,0.08306815864743163,[-1.31941027e-17 -1.01490252e-16  1.83166391e-17]
230,Fish,15142,7573,triangles,1.2134467862447278,[-2.64351285e-04 -7.96409786e-05 -1.08257545e-04],15142,7573,0.17880035932678578,[-1.76890942e-16 -8.51982188e-17  3.36563384e-17]
229,Fish,10486,5245,triangles,0.7133805150776494,[-1.79707802e-04 -1.84416535e-04 -5.51572170e-05],10486,5245,0.10354513742460186,[-1.18672946e-16 -1.45101598e-17 -5.14787873e-17]
236,Fish,9686,4845,triangles,0.6843148397016284,[-0.00016262 -0.00019473 -0.00016647],9686,4845,0.0994552451254997,[-1.09991136e-17  1.89448274e-17  7.82598387e-17]
228,Fish,11180,5592,triangles,0.7453663505593309,[-0.00024398 -0.00013871 -0.00013712],11180,5592,0.10634272568880294,[-8.43254914e-17  1.28463843e-16  1.79279576e-17]
240,Fish,13662,6833,triangles,0.9053273925374071,[-0.00012263 -0.00010653 -0.00011452],13662,6833,0.13232784550307577,[ 1.57528023e-16 -7.00083925e-18 -6.47074959e-18]
225,Fish,12148,6076,triangles,0.9721758015716824,[-0.00017085 -0.00017568 -0.00011506],12148,6076,0.1303196701713463,[ 1.34897305e-16  3.38265368e-17 -6.12532116e-17]
221,Fish,14238,7121,triangles,1.1335260456311427,[-2.80340864e-04 -1.14860028e-04 -8.44532497e-05],14238,7121,0.17069867446866335,[1.52634228e-16 4.14506584e-17 5.19642373e-17]
222,Fish,10506,5255,triangles,0.6635122550665923,[-5.30085362e-05 -2.18614916e-04 -1.53134570e-04],10506,5255,0.0960697640579209,[-1.35041703e-16 -9.40474308e-17  6.92436910e-18]
231,Fish,12524,6264,triangles,0.9064517129158883,[-0.00012778 -0.00014312 -0.00012205],12524,6264,0.12311401440189199,[ 4.67701693e-16 -1.56634674e-18 -6.16790569e-17]
224,Fish,10118,5061,triangles,0.5868055982074283,[-0.00015094 -0.00018984 -0.00016543],10118,5061,0.07800737288035274,[ 2.47820382e-16  5.11566902e-17 -6.83688764e-17]
234,Fish,14992,7498,triangles,1.3330122346347286,[-1.69920601e-04 -1.43417490e-04 -9.96741961e-05],14992,7498,0.17922014320747431,[ 1.98997631e-16 -1.50558636e-17 -7.20430798e-17]
223,Fish,13308,6656,triangles,1.1552440491566676,[-0.00015749 -0.00016667 -0.00010682],13308,6656,0.1626567007818382,[ 1.17027114e-16  2.21072993e-17 -1.14711066e-18]
227,Fish,10428,5216,triangles,0.6355025463851326,[-0.00019479 -0.00021776 -0.00016526],10428,5216,0.09977855494918579,[-2.63933388e-18  2.48741254e-17  3.91377030e-18]
235,Fish,10496,5250,triangles,0.7288826231395836,[-0.0001463  -0.00018339 -0.00015594],10496,5250,0.10258948632194989,[ 5.24416489e-16 -1.66004776e-18  1.29695857e-16]
233,Fish,20368,10186,triangles,1.6469710574677068,[-8.25189772e-05 -9.14605450e-05 -5.20482046e-05],20368,10186,0.24053008343326504,[ 2.45238740e-18 -2.86384351e-18  2.00659787e-16]
226,Fish,10428,5216,triangles,0.6355025463851326,[-0.00019479 -0.00021776 -0.00016526],10428,5216,0.09977855494918579,[-2.63933388e-18  2.48741254e-17  3.91377030e-18]
239,Fish,10238,5121,triangles,0.5553304380051246,[-0.00011881 -0.00020803 -0.000187  ],10238,5121,0.07251575125230392,[ 2.81780609e-16  1.22761919e-17 -2.56893882e-17]
238,Fish,10188,5096,triangles,0.614012204434386,[-0.00013789 -0.00017787 -0.00015499],10188,5096,0.09281907052487394,[-8.54889158e-17  5.73507206e-17 -3.57892244e-17]
292,Armadillo,43544,21774,triangles,1.9788945641746893,[-8.19331807e-06  1.82181272e-03 -5.24521489e-04],43544,21774,0.7258187677672467,[-3.51642008e-17 -4.83115788e-17 -9.84332483e-17]
294,Armadillo,32998,16501,triangles,1.1759225366509538,[-0.00028172 -0.00128288  0.0005101 ],32998,16501,0.17417573540249148,[ 1.09381879e-17 -3.18809816e-16 -5.30519881e-17]
300,Armadillo,34902,17453,triangles,3.7134397941805406,[ 0.00017636  0.00046113 -0.00024984],34902,17453,0.6000071839406503,[-8.87644078e-17 -1.91090928e-17 -8.90765049e-17]
295,Armadillo,33556,16780,triangles,1.7901408247105361,[3.29125893e-05 1.65273476e-03 2.05326950e-04],33556,16780,0.3174921153585255,[ 1.13528244e-16 -4.84275247e-17 -1.80439361e-16]
299,Armadillo,34230,17117,triangles,3.0703559623630134,[ 0.00154005  0.0003813  -0.00074609],34230,17117,0.7785974103187225,[1.26180281e-16 1.42416571e-16 2.54382599e-16]
293,Armadillo,29996,15000,triangles,1.3634944169999677,[ 0.00045351 -0.01590384 -0.00044567],29996,15000,0.2547095955797322,[-2.96133488e-17 -6.44077384e-17 -4.86425715e-17]
288,Armadillo,39996,20000,triangles,3.0022393022953073,[ 0.00551278  0.00287847 -0.00214286],39996,20000,0.7558708657133165,[4.79167747e-16 6.83536561e-17 4.96429287e-17]
298,Armadillo,29996,15000,triangles,2.7364976833543846,[ 0.00185645 -0.00614501  0.00386232],29996,15000,0.5927043516997539,[-4.37146615e-16 -3.09234120e-17  1.10972342e-16]
282,Armadillo,48942,24473,triangles,1.346294681941489,[ 0.0008004  -0.00201129  0.00130346],48942,24473,0.23810175499384606,[-2.08436173e-17  1.22842210e-16 -4.76800688e-17]
286,Armadillo,50212,25108,triangles,2.3292304576969975,[1.64252217e-05 1.26634174e-03 1.80298061e-03],50212,25108,0.6524886532593234,[ 6.23212605e-17  4.52216460e-17 -6.74052135e-17]
289,Armadillo,50418,25211,triangles,3.978633080860973,[-0.00029891  0.00099937  0.00050691],50418,25211,0.622509332267728,[ 1.28482520e-16 -1.85327725e-16  2.37811591e-16]
283,Armadillo,48964,24484,triangles,1.557882436751708,[-0.00014759 -0.00357697  0.00214984],48964,24484,0.22898662991714622,[ 6.18792670e-17 -9.64688766e-17 -1.48503779e-16]
281,Armadillo,50542,25273,triangles,1.8745131815174803,[-0.00054405  0.00129431 -0.00062859],50542,25273,0.6670721093697741,[ 4.22082870e-17 -1.16513454e-16 -5.26173143e-17]
287,Armadillo,50978,25491,triangles,2.825786461506423,[-1.94037354e-05 -4.99773566e-05 -1.31515483e-06],50978,25491,0.5960843709691053,[ 7.55414195e-17 -1.42139122e-16 -2.93637897e-16]
297,Armadillo,30626,15315,triangles,2.0443193928842014,[-0.00014    -0.0007748   0.00132278],30626,15315,0.4997799945520382,[ 5.35882870e-17 -2.06803051e-17 -2.75974513e-17]
296,Armadillo,31660,15832,triangles,1.7878063809221132,[-4.21951152e-05  2.13189096e-03 -6.15305829e-04],31660,15832,0.34094607628336077,[-1.10666417e-16 -4.21803404e-18  2.29625145e-17]
290,Armadillo,50858,25431,triangles,1.8792510654385224,[-7.88592438e-06 -3.80335079e-05 -2.93898987e-05],50858,25431,0.5610730689513493,[ 1.09686420e-18  2.46221456e-18 -1.23765573e-18]
285,Armadillo,50382,25193,triangles,2.2922254935376465,[-0.00083736  0.00142284  0.00030955],50382,25193,0.43336549633018284,[-1.13413030e-16  1.59504494e-16  1.25123188e-16]
284,Armadillo,50984,25494,triangles,2.3284277071303583,[-1.69391872e-05 -3.00594436e-05  1.37439984e-05],50984,25494,0.4867106605882798,[-3.56117078e-17 -4.82625193e-18 -2.41653363e-16]
291,Armadillo,49226,24615,triangles,1.598192277053343,[ 0.00211454  0.01111145 -0.00022529],49226,24615,0.20494899900636315,[ 9.53499585e-17 -2.64960600e-16  3.55956941e-17]
38,Cup,30128,15064,triangles,2.7396264735834075,[-8.27479725e-05 -1.07964528e-04 -3.08214895e-05],30128,15064,0.4655438121472567,[-2.85279559e-16 -2.04647622e-16  1.30965634e-17]
34,Cup,19204,9602,triangles,3.0796233007653675,[ 3.61947949e-05 -4.01507198e-05 -6.00050628e-05],19204,9602,0.5804372760442091,[-8.80911442e-18  7.30108653e-17  1.02912714e-16]
39,Cup,30322,15161,triangles,2.393021190200819,[-5.68988584e-05 -7.98202198e-05 -1.09854628e-04],30322,15161,0.3984109975958726,[-1.00177106e-17  1.64409816e-16  1.05358049e-16]
21,Cup,30396,15198,triangles,2.235847295797843,[-8.15053271e-05 -7.54641567e-05 -2.92490897e-05],30396,15198,0.31746021924108236,[ 3.64705122e-17 -2.96915078e-16 -8.98472619e-16]
35,Cup,30268,15136,triangles,1.464156597360622,[-5.49525974e-05 -1.44078989e-05 -3.28219373e-05],30268,15136,0.2669777362542717,[-4.49561107e-17 -1.03315069e-16  1.79089111e-16]
31,Cup,30454,15227,triangles,3.5531139149195083,[-8.09885764e-05 -9.26455303e-05 -2.68793665e-05],30454,15227,0.4969982098622598,[ 1.31473060e-16 -4.53593221e-16  1.93872523e-16]
40,Cup,30326,15165,triangles,1.9570236080877004,[-7.57205967e-05 -5.21779835e-05 -4.28519290e-05],30326,15165,0.30999026107318967,[-5.23987382e-16  1.06417421e-16 -1.76676639e-16]
28,Cup,30140,15070,triangles,2.3250640993494,[-8.65633651e-05 -7.57838052e-05 -2.98112464e-05],30140,15070,0.3290400621986021,[ 1.21984558e-16 -1.26239062e-16  1.60832924e-16]
29,Cup,30254,15127,triangles,1.9967650612154348,[-4.06381754e-05 -3.41178381e-05 -2.21606431e-05],30254,15127,0.3044273909405385,[-2.37629708e-16  8.05997916e-17 -2.07887005e-17]
22,Cup,30004,15002,triangles,3.1824432496583066,[-5.64073368e-05 -5.63015316e-05 -2.89143609e-05],30004,15002,0.4796896305893508,[ 3.01163351e-17  6.12650401e-17 -2.08716073e-17]
30,Cup,30008,15006,triangles,1.723750567751492,[-1.22056689e-04  1.70696519e-02 -2.40427463e-05],30008,15006,0.2549963758622433,[ 3.93573914e-17  2.87732431e-16 -1.06039394e-17]
37,Cup,12540,6270,triangles,3.134824916563214,[-0.00056568 -0.00012569 -0.00079092],12540,6270,0.3917250968708325,[-5.15536577e-17  2.72509288e-17 -4.38777138e-17]
23,Cup,30074,15037,triangles,2.6069142713357287,[-6.30078301e-04  4.06017210e-03 -1.57326107e-05],30074,15037,0.33835204879216735,[-2.82964005e-17 -1.45233629e-16  1.16537147e-16]
33,Cup,14698,7349,triangles,2.9222791600569837,[-1.18461490e-05 -5.96080437e-05  9.06612232e-05],14698,7349,0.3987818586815027,[-1.78732462e-16  7.92595605e-17  4.71814571e-17]
24,Cup,30492,15246,triangles,3.3300590786360784,[-5.60641102e-05 -5.31601051e-05 -2.69992098e-05],30492,15246,0.4950559726890243,[ 8.30555471e-17 -2.00912064e-17 -1.87187199e-16]
27,Cup,30274,15137,triangles,2.2698385839062984,[-4.44123239e-05 -3.35846838e-05 -1.73187799e-05],30274,15137,0.44028528529964395,[-6.16134539e-17 -5.06323346e-17  8.91985024e-17]
32,Cup,29502,14751,triangles,2.0943400475042226,[ 2.91173734e-03  1.95074408e-02 -9.54531485e-05],29502,14751,0.42568675188915117,[ 5.63505535e-17 -1.76404361e-16 -5.84883229e-17]
36,Cup,18152,9076,triangles,3.093895315668484,[ 7.41455432e-05 -3.21728398e-05 -3.12189306e-06],18152,9076,0.5983864037968659,[ 1.16208889e-17 -2.28839767e-17  1.39620010e-16]
26,Cup,30418,15209,triangles,2.4135040275507413,[-4.03583043e-05 -3.49012612e-05 -1.60408263e-05],30418,15209,0.39689027776977065,[ 8.29265573e-16  5.90145878e-17 -1.19352260e-16]
25,Cup,30170,15087,triangles,2.281695334800514,[-6.55480361e-05 -9.07350322e-05 -3.29246123e-05],30170,15087,0.4106112884058261,[-1.46817373e-16  9.96179932e-17  7.51702008e-17]
89,Ant,15304,7654,triangles,1.1848492862838176,[-0.00020777 -0.00010361 -0.00010767],15304,7654,0.19019863757385805,[3.88574432e-17 2.13776678e-16 1.49029382e-16]
94,Ant,14468,7236,triangles,1.5990291767355218,[-8.29209454e-05 -1.09697129e-04 -4.72564061e-05],14468,7236,0.24880213071579188,[-3.35475766e-17  3.98641181e-17 -5.54037499e-17]
83,Ant,12748,6376,triangles,1.2626435398535492,[-0.00012538 -0.00010665 -0.00013649],12748,6376,0.18838497406696647,[ 1.14539634e-16  8.20130246e-18 -4.55294174e-17]
87,Ant,14936,7470,triangles,1.931740026601376,[-1.94960968e-04 -1.12684872e-04 -9.75667748e-05],14936,7470,0.2702908944101034,[ 1.01482484e-17 -1.13329694e-16  2.79952322e-17]
92,Ant,11730,5867,triangles,1.0515469860689803,[-0.00015532 -0.00010545 -0.00015775],11730,5867,0.13211108904389757,[ 3.13036720e-17 -2.17299617e-16 -2.18160622e-17]
84,Ant,13696,6850,triangles,1.4378638371603722,[-2.12342878e-04 -7.43868868e-05 -9.11965636e-05],13696,6850,0.2253241120393801,[7.05336033e-17 4.98303750e-17 8.80641869e-17]
88,Ant,16416,8210,triangles,2.7944344948837534,[-8.82440997e-05 -1.63519225e-04 -7.93057324e-05],16416,8210,0.36954532736722706,[3.17245215e-17 3.45093760e-16 8.25931217e-17]
82,Ant,16594,8299,triangles,1.9195667177258577,[-7.19188427e-05 -1.44947592e-04 -7.59223502e-05],16594,8299,0.3059182821016851,[-4.07621347e-17  1.52092126e-16  6.28405095e-17]
100,Ant,16124,8064,triangles,1.3622923731727656,[-1.27176338e-04 -1.73727477e-04 -6.34535262e-05],16124,8064,0.25932301547614495,[-3.99648967e-18  4.78838750e-17 -7.86201461e-17]
93,Ant,16432,8216,triangles,2.0285014843779745,[-2.02414428e-04 -1.63454773e-04 -9.67078140e-05],16432,8216,0.29444547142424554,[ 1.55601486e-17  3.70676582e-16 -5.63954041e-17]
90,Ant,15750,7877,triangles,1.7051381364450815,[-7.51000164e-05 -1.63876340e-04 -9.10303838e-05],15750,7877,0.2768967454385826,[ 5.06097921e-17  3.81960695e-18 -1.69117150e-16]
95,Ant,14706,7355,triangles,1.0128080786703093,[-8.15398139e-05 -1.08647685e-04 -1.19615236e-04],14706,7355,0.14473540672276394,[-2.46762351e-17 -7.12927715e-17 -3.77615455e-17]
91,Ant,17276,8640,triangles,1.855826084357103,[-6.13483545e-05 -1.20654256e-04 -7.72073254e-05],17276,8640,0.25330033853295253,[-8.35156918e-17  1.75528316e-17  1.15021804e-17]
99,Ant,13758,6881,triangles,1.6900251488704692,[-6.83439943e-05 -1.90379803e-04 -1.05988355e-04],13758,6881,0.2574422008755626,[-4.26760631e-18 -2.26315236e-16 -6.22155890e-17]
98,Ant,12304,6154,triangles,1.2878251126100562,[-0.00012885 -0.00017536 -0.00012898],12304,6154,0.18303703618982242,[-5.55562529e-17 -1.55294114e-16  2.44422932e-16]
85,Ant,16772,8388,triangles,1.1656130915293816,[-1.83214971e-04 -7.07503172e-05 -9.46387109e-05],16772,8388,0.17802045759069648,[-2.73452643e-17  1.95500110e-16  1.96899801e-17]
86,Ant,14072,7038,triangles,0.9777786816200467,[-0.0001982  -0.0001318  -0.00010548],14072,7038,0.1541080629176974,[-1.30756446e-16 -2.62879374e-16 -1.21871349e-16]
81,Ant,12736,6370,triangles,1.1961848475378807,[-0.00021554 -0.00013998 -0.00012496],12736,6370,0.15997130992618863,[-2.12382440e-17  8.82775451e-17  1.63374460e-17]
96,Ant,17004,8504,triangles,1.7236770908571337,[-4.90485059e-05 -1.42856397e-04 -8.22609824e-05],17004,8504,0.23932018992662027,[6.54070714e-17 1.01191659e-16 7.84525836e-17]
97,Ant,16330,8167,triangles,0.7141591149480029,[-1.85635694e-04 -9.60842066e-05 -1.07984097e-04],16330,8167,0.12970429358947938,[ 2.17028414e-17 -5.13377893e-17 -5.82724351e-17]
348,Bearing,5132,2568,triangles,0.024224694667581956,[-4.69307419e-05 -1.22855319e-01  7.94599689e-01],5132,2568,0.012308549020968607,[-1.88036459e-17  4.43570414e-17  5.68892026e-17]
357,Bearing,29764,14872,triangles,0.068815962168611,[ 1.47713642e-05 -4.80158728e-06  6.76898524e-05],29764,14872,0.008901919138502478,[-1.96487528e-16 -3.59843143e-17  3.83654766e-17]
342,Bearing,3322,1663,triangles,0.6281438891861215,[-0.00015251 -0.00032508 -0.00087882],3322,1663,0.08663552807020078,[-5.50271394e-17  2.41724276e-17 -8.51193239e-17]
341,Bearing,3322,1663,triangles,0.3304999317946013,[-1.62029591e-03 -7.16097896e-05 -2.38876710e-01],3322,1663,0.08663533869204017,[ 2.34537117e-17 -7.76087953e-18  8.79566347e-17]
344,Bearing,6360,3182,triangles,0.33667628379062314,[-0.0011738  -0.31062587  0.0013578 ],6360,3182,0.11733430334879551,[ 1.52036355e-17 -5.22314226e-17 -1.78814991e-19]
360,Bearing,4396,2200,triangles,0.00027445782498503485,[-1.18772863e-03  6.06099930e-05  9.03604713e-01],4396,2200,0.03843795678952755,[1.27644107e-17 1.85583872e-17 5.13730472e-17]
355,Bearing,29984,14994,triangles,0.12295951961984704,[-7.53745088e-06 -6.30242945e-05  8.55689330e-04],29984,14994,0.015603707148984833,[-2.23819127e-16 -2.12437333e-16 -2.37502317e-17]
352,Bearing,20796,10400,triangles,0.35123839755569414,[-8.00367425e-05 -8.74833826e-05  1.10849157e-06],20796,10400,0.04481398287665157,[-5.40366363e-18  7.04924901e-17  3.23517922e-16]
356,Bearing,29980,14992,triangles,0.12298437049606098,[-7.52736827e-06 -6.30413951e-05  8.55852189e-04],29980,14992,0.015606859949602682,[ 5.34617893e-16 -3.60141183e-16 -2.39251136e-17]
346,Bearing,7170,3587,triangles,0.34603109295582396,[-0.00188238  0.34080377  0.00040658],7170,3587,0.10545729259188207,[ 4.35252615e-18 -3.72421482e-17  6.01209600e-17]
354,Bearing,5816,2910,triangles,0.14525782492481062,[-0.00237227  0.23111263 -0.00099025],5816,2910,0.04066171648429408,[ 1.42259248e-17 -1.28290849e-16  4.69507976e-18]
358,Bearing,28266,14127,triangles,1.1221648517126723,[-0.00029214 -0.00026147  0.00064072],28266,14127,0.1407495041258379,[-7.86791096e-17 -4.14490728e-16 -2.92531822e-17]
359,Bearing,29924,14956,triangles,1.1327939827753974,[0.00022731 0.00060053 0.00097221],29924,14956,0.14224114596256343,[-4.08001023e-18 -1.21926517e-15  3.65243035e-17]
350,Bearing,17514,8759,triangles,0.1507036389853647,[-8.32225289e-05 -7.30841175e-05  1.82312041e-05],17514,8759,0.018965413960487527,[5.33268930e-16 1.87479264e-16 4.36347816e-16]
347,Bearing,5242,2623,triangles,0.8479738924719136,[-0.00030809  0.00156528 -0.0840857 ],5242,2623,0.09845250536780653,[2.14648056e-17 1.86077696e-17 3.02052194e-16]
343,Bearing,3322,1663,triangles,0.5614826140675852,[-0.00014689 -0.00031318  0.00022013],3322,1663,0.07072247546500902,[ 2.30302014e-17  1.04980499e-17 -3.46535789e-16]
353,Bearing,3020,1512,triangles,0.26689602450991334,[0.13883099 0.00041914 0.00043312],3020,1512,0.03704994013111123,[2.97528022e-16 3.21245088e-19 6.02564001e-18]
351,Bearing,10380,5192,triangles,0.5050096190505755,[-1.85262800e-04 -1.89362237e-04  2.56275021e-06],10380,5192,0.06482690407746326,[ 2.87672749e-17 -5.48616323e-18  8.38045179e-16]
349,Bearing,5132,2568,triangles,0.1278037355696569,[-0.01189077 -0.20300945 -0.01154352],5132,2568,0.01799879764676183,[ 1.17593716e-17  1.50234619e-18 -7.57928248e-18]
345,Bearing,7224,3614,triangles,0.34351400639033497,[ 5.63836514e-04 -3.35028410e-01 -6.22922903e-05],7224,3614,0.10733059432727263,[1.75296351e-18 8.58472120e-17 2.23872449e-17]
161,Teddy,27648,13826,triangles,1.4801832040983283,[-7.71805776e-05 -4.33172184e-05 -5.32864095e-05],27648,13826,0.22067802350374552,[-6.17735205e-17  1.14597143e-16 -1.13984356e-16]
171,Teddy,29806,14905,triangles,1.6830969126540547,[-3.60985376e-05 -4.49841449e-05 -5.67047959e-06],29806,14905,0.27607438599074113,[-3.23887596e-17 -2.21809041e-16 -1.32025666e-16]
164,Teddy,29014,14509,triangles,1.7326861318730866,[-1.00220286e-04 -7.91440254e-05 -4.53285848e-05],29014,14509,0.2318565991464069,[8.39391429e-17 1.07066239e-16 6.12233401e-17]
172,Teddy,20278,10141,triangles,1.9002064222391652,[-9.38609052e-05 -6.30632481e-05 -7.10744123e-05],20278,10141,0.25711503922116113,[-2.45358084e-16  4.10928126e-17 -3.76655149e-16]
167,Teddy,25290,12647,triangles,1.9435105912372435,[-1.25318212e-04 -3.00192102e-05 -4.97221645e-05],25290,12647,0.27009593521382846,[-1.22996243e-16  1.83469468e-16 -1.77831446e-16]
179,Teddy,26644,13324,triangles,2.021808908290578,[-8.05031431e-05 -4.56818317e-05 -4.47326703e-05],26644,13324,0.30290358742898377,[ 2.32333687e-17 -3.91206964e-16  2.03833914e-17]
176,Teddy,24996,12500,triangles,2.17392005339899,[-6.34692850e-05 -3.49776962e-05 -6.09211624e-06],24996,12500,0.32643970609476664,[-7.15205672e-17  2.54958277e-16 -1.29429800e-17]
175,Teddy,18956,9480,triangles,1.8681059937863005,[-1.51222913e-04 -4.12071887e-05 -8.57075659e-05],18956,9480,0.26836137836607826,[-2.02311210e-17 -3.49872499e-17 -6.30956258e-17]
170,Teddy,24996,12500,triangles,1.4793910150276264,[-8.54530654e-05 -6.53227218e-05 -6.57844970e-05],24996,12500,0.26679541791300837,[ 6.76780854e-17 -1.81099580e-17 -1.33226763e-20]
177,Teddy,25082,12543,triangles,1.8567396865969112,[-7.59352654e-05 -5.48708326e-05 -4.96703602e-05],25082,12543,0.28134474867366405,[ 1.08397881e-16 -2.77690739e-16 -1.21734631e-16]
173,Teddy,27730,13867,triangles,1.3042627168078975,[-3.42545034e-05 -3.27395228e-05 -5.38467005e-06],27730,13867,0.19464259177043536,[ 3.28085035e-17 -7.05908734e-17  6.35554044e-17]
180,Teddy,19092,9548,triangles,1.2531313842126497,[-1.17067680e-04 -9.30579591e-05 -9.34090630e-05],19092,9548,0.17782559283713598,[ 3.52438834e-17  1.76792087e-16 -1.20815096e-16]
165,Teddy,20462,10233,triangles,1.4826870744645713,[-1.47095598e-04 -4.49489332e-05 -7.89740077e-05],20462,10233,0.19334552034521577,[ 1.25035539e-16 -1.51168276e-16  1.44408737e-16]
178,Teddy,24346,12175,triangles,1.627818050894752,[-8.74391602e-05 -5.38863757e-05 -5.00275531e-05],24346,12175,0.2348727922146284,[-5.27344538e-17  2.56454680e-16 -2.73630080e-16]
166,Teddy,22176,11090,triangles,2.0759284725439233,[-1.40351017e-04 -3.51287108e-05 -6.33130143e-05],22176,11090,0.275225756127569,[-3.97287653e-17 -4.71118986e-17  1.52885607e-16]
169,Teddy,25118,12561,triangles,1.6853176550974567,[-8.27801450e-05 -6.91187426e-05 -6.81033314e-05],25118,12561,0.26760048769721745,[-1.00340792e-16 -1.65803160e-16 -8.07134614e-18]
163,Teddy,21758,10879,triangles,1.8933401947742459,[-1.01491129e-04 -8.01810317e-05 -6.86914492e-05],21758,10879,0.271877905468737,[-2.77440948e-16  1.38267618e-16 -8.44479780e-18]
168,Teddy,21500,10752,triangles,1.4532832888099865,[-1.48064050e-04 -3.47068651e-05 -7.82116428e-05],21500,10752,0.19608753638055249,[-1.25643543e-16 -9.35334761e-16  7.64149563e-17]
174,Teddy,25658,12831,triangles,1.676609018351062,[-4.92230928e-05 -5.57529516e-05 -6.43793283e-06],25658,12831,0.2814993061133885,[-8.68013392e-17  9.24969537e-18 -6.36835902e-17]
162,Teddy,20188,10096,triangles,1.8081210826963177,[-8.76895096e-05 -6.30895940e-05 -7.11888967e-05],20188,10096,0.24201695429206313,[-3.70724977e-18  7.15607798e-17 -4.62677693e-17]
149,Table,27172,13588,triangles,2.308236912929171,[-8.00029266e-05 -1.07605306e-04 -1.93201212e-05],27172,13588,0.2989334485405973,[-1.27567796e-16 -5.54248491e-17 -2.20430909e-16]
141,Table,27848,13926,triangles,1.5749420829585346,[-1.76701758e-05 -3.83873400e-05 -4.63819940e-05],27848,13926,0.33175879986180873,[ 5.35222109e-16 -5.58258828e-16  9.32854214e-17]
147,Table,27406,13705,triangles,1.9222633145654653,[-7.32150729e-05 -4.89382929e-05 -1.58390570e-05],27406,13705,0.43959438652316973,[-4.88542939e-16 -3.50030111e-16 -2.24215636e-16]
159,Table,27856,13930,triangles,1.306312261651364,[-4.41448857e-05 -4.25163359e-05 -4.40361549e-05],27856,13930,0.3833366786853206,[5.79459907e-17 5.14862939e-17 8.27387134e-18]
153,Table,27158,13581,triangles,1.0775214531305146,[-3.79440937e-05 -3.25611240e-05 -5.29262881e-05],27158,13581,0.24728989699294138,[-1.20991757e-16  2.78712494e-16  1.59814769e-16]
144,Table,30160,15082,triangles,1.4338757767052577,[-6.73093702e-05 -9.50178236e-05 -2.91833437e-05],30160,15082,0.1794188753331248,[ 1.93857660e-15 -1.10187031e-16 -9.99068220e-17]
142,Table,19600,9802,triangles,0.6208712554745065,[-9.73784381e-05 -1.37798820e-04 -7.47827206e-05],19600,9802,0.07765959956781829,[ 8.45522840e-18  1.98534430e-17 -1.04619028e-16]
155,Table,28764,14384,triangles,2.5126397748704785,[-6.66254660e-05 -1.11555626e-04 -3.32984049e-05],28764,14384,0.3382798606744336,[-2.12033765e-16  9.67711342e-17 -1.76343614e-16]
158,Table,29170,14587,triangles,1.7031373319939354,[-5.55665444e-05 -8.99503567e-05 -1.36594662e-05],29170,14587,0.4205133368279498,[ 3.6887649e-15 -2.8353680e-15  1.5248613e-15]
160,Table,20160,10082,triangles,0.7774896352639896,[-1.51089210e-04 -2.51171210e-05 -7.56634915e-05],20160,10082,0.16102308238746565,[3.81723131e-15 5.91671128e-17 2.56990972e-18]
150,Table,27154,13579,triangles,0.9880107322713483,[-4.55527491e-05 -9.12209958e-05 -1.75248816e-05],27154,13579,0.15385749282140226,[-3.48625891e-17 -3.60297173e-16  7.95905797e-17]
148,Table,26746,13375,triangles,2.3276591059499054,[-8.14073104e-05 -1.09558938e-04 -1.97026954e-05],26746,13375,0.3032230898233998,[ 5.91842255e-17 -8.82281008e-17  2.49125746e-16]
157,Table,27762,13883,triangles,2.962683173282504,[-7.70161795e-05 -1.10706266e-04 -1.88101679e-05],27762,13883,0.398617747235399,[-2.09051985e-16  3.80036267e-16 -4.05717621e-16]
156,Table,20196,10100,triangles,1.6203046358560658,[-6.41808009e-05 -1.25579724e-04 -4.05531445e-05],20196,10100,0.3411139439617887,[ 2.49074688e-16 -1.03153528e-16  9.59655897e-17]
152,Table,21082,10543,triangles,0.7528582842447082,[-7.02169178e-05 -1.25892290e-04 -2.04045265e-05],21082,10543,0.16677908783187634,[-7.80615363e-16  1.14253433e-15 -1.48368465e-16]
151,Table,25388,12696,triangles,1.068197927390345,[-1.81889974e-05 -8.57376987e-05 -1.40194125e-05],25388,12696,0.443732793454961,[-3.32690887e-17  7.10285643e-17  6.88817483e-17]
154,Table,27854,13929,triangles,2.306310714278576,[-1.04822546e-04 -2.94612209e-05 -3.80842059e-05],27854,13929,0.5089711063335629,[-2.46004189e-16 -5.30713546e-16  4.46522231e-17]
143,Table,18536,9270,triangles,0.6190979314968885,[-1.03030881e-04 -1.45784610e-04 -7.89529721e-05],18536,9270,0.07739094221061767,[ 6.13353309e-16  3.96636008e-17 -3.76332071e-17]
146,Table,27424,13714,triangles,2.0232955725795176,[-6.13117359e-05 -9.61309671e-05 -1.43076339e-05],27424,13714,0.5876075068551807,[ 1.43412578e-16 -4.20123361e-17  2.19323490e-17]
145,Table,26408,13206,triangles,1.5792699610223873,[-5.97012461e-05 -2.47375652e-05 -1.29643280e-05],26408,13206,0.4038688722879037,[-1.48912993e-16 -8.39497923e-17  1.12380026e-16]
245,Bird,12946,6475,triangles,1.7617175834579222,[-1.59686371e-04 -1.28668069e-04 -8.41513088e-05],12946,6475,0.2925350790103564,[-2.50636063e-16 -6.54324300e-17 -4.58513536e-17]
247,Bird,11034,5519,triangles,1.355885186688275,[-0.00019342 -0.00018002 -0.00012247],11034,5519,0.20411629516727467,[-2.95248113e-16 -5.14476424e-18 -1.41767675e-16]
256,Bird,11936,5970,triangles,2.920146730911105,[-0.00160461  0.00014591  0.00026503],11936,5970,0.43580148415320025,[-9.00545226e-17  2.40686344e-17  3.52546951e-17]
241,Bird,6952,3478,triangles,0.7913517271718792,[-4.26335176e-04 -4.01032184e-04 -9.01265777e-05],6952,3478,0.09999108034035999,[6.79325295e-18 2.79301453e-17 4.08073996e-17]
249,Bird,7424,3714,triangles,0.7428546911617724,[-0.00033266 -0.00037469 -0.00021486],7424,3714,0.09422640913599473,[-5.26694556e-17 -1.55928941e-17 -1.77302378e-16]
260,Bird,4990,2497,triangles,1.3777046905022692,[-0.00042601  0.00066951  0.00050425],4990,2497,0.5944640120492266,[3.07901259e-18 8.00320963e-18 9.33707790e-18]
243,Bird,6312,3158,triangles,0.5747623246435682,[-0.00039762 -0.00045864 -0.00031116],6312,3158,0.07213128788658449,[ 5.97825919e-17 -2.86520508e-17  1.15250897e-17]
244,Bird,8998,4501,triangles,0.5057319582340076,[-0.00026941 -0.00028431 -0.00017601],8998,4501,0.0655590838054552,[ 9.37903048e-17 -9.42863255e-18  3.13013334e-17]
248,Bird,23576,11790,triangles,2.1537098382867383,[-7.90645456e-05 -4.60894889e-05 -2.57085130e-05],23576,11790,0.5912270032497338,[-3.10246833e-16  7.35840566e-17 -3.37351483e-17]
258,Bird,17888,8946,triangles,2.4697280730601423,[ 0.00370818  0.0025606  -0.00081199],17888,8946,0.752289621184867,[-5.14219663e-17  1.02369240e-17  9.71972583e-17]
255,Bird,10104,5054,triangles,1.0901500086169738,[-0.00021575 -0.00022502 -0.00014195],10104,5054,0.14606412326691684,[-7.14593490e-17  8.55073827e-18 -8.28974031e-17]
242,Bird,15694,7849,triangles,1.8954918660534816,[-1.24036901e-04 -1.00221993e-04 -6.37097484e-05],15694,7849,0.3150763346480745,[2.88606358e-17 1.51959036e-17 3.51638991e-17]
257,Bird,4266,2135,triangles,0.4992347888360448,[ 0.00447319 -0.00488167  0.00769581],4266,2135,0.06931881876731687,[ 1.43522976e-17  3.69857670e-18 -2.87305958e-18]
246,Bird,8434,4219,triangles,0.6888653249294742,[-0.00027456 -0.00027914 -0.00021928],8434,4219,0.09221550267942139,[-4.47878547e-17 -1.35439183e-17 -1.19140430e-17]
250,Bird,8556,4280,triangles,0.47816526011856775,[ 4.10515715e-04 -2.59041522e-04 -1.28439904e-05],8556,4280,0.06527422304060702,[ 2.23292957e-17  2.19437656e-16 -4.39355198e-18]
253,Bird,12324,6164,triangles,1.433716658232491,[-1.95802930e-04 -2.22590396e-04 -7.49231712e-05],12324,6164,0.23003447250618167,[-5.40094503e-17  5.33146041e-17 -2.37327282e-16]
252,Bird,12698,6351,triangles,1.4259996358571636,[-1.70098618e-04 -2.31208811e-04 -9.02289374e-05],12698,6351,0.26788203225896834,[ 7.76159696e-18 -5.77749503e-17 -5.34767912e-17]
259,Bird,18026,9015,triangles,1.7616000661581301,[-1.16264983e-04 -6.40075394e-05 -1.96530578e-05],18026,9015,0.2980239080218125,[-9.25493736e-17 -9.15487566e-18 -6.48091921e-17]
254,Bird,7272,3638,triangles,0.39844414785840354,[-8.55767739e-05 -3.19027135e-04 -7.04156202e-05],7272,3638,0.05008687495663034,[ 5.07819078e-17  9.10944400e-18 -4.71493835e-18]
251,Bird,6312,3158,triangles,0.5747623246435682,[-0.00039762 -0.00045864 -0.00031116],6312,3158,0.07213128788658449,[ 5.97825919e-17 -2.86520508e-17  1.15250897e-17]
214,Plier,7604,3804,triangles,0.35377491321547766,[-3.49217121e-04 -2.90408281e-04 -6.67542547e-05],7604,3804,0.04965433253608102,[-9.45068594e-17 -4.91003356e-18  6.85717402e-17]
205,Plier,8952,4478,triangles,0.41123997775063703,[-2.10334242e-04 -2.60499078e-04 -5.87591336e-05],8952,4478,0.05707128300445189,[-3.35880894e-17 -8.89442854e-18 -9.01467378e-17]
208,Plier,12204,6104,triangles,0.3884731078003574,[-1.03911159e-04 -1.64391796e-04 -3.83948210e-05],12204,6104,0.07154913935761661,[-7.96654136e-18  1.51299490e-17 -1.48831544e-16]
212,Plier,8592,4298,triangles,0.39093864509951015,[-0.00033406 -0.0002576  -0.00010646],8592,4298,0.050822869096126565,[-6.31442574e-17  1.13265577e-17 -2.33158459e-17]
218,Plier,12392,6198,triangles,0.3262353297373764,[-7.17292829e-05 -1.55239973e-04 -3.55957433e-05],12392,6198,0.07285157843363206,[6.63863393e-17 7.18967032e-18 2.20638466e-17]
206,Plier,9584,4794,triangles,0.373224726908039,[-2.25691723e-04 -2.39437336e-04 -5.71473697e-05],9584,4794,0.05271776205881456,[-1.01909395e-16  1.38010750e-17 -4.03955365e-16]
209,Plier,10216,5110,triangles,0.38135119434198544,[-2.78410418e-04 -1.92990925e-04 -5.55339389e-05],10216,5110,0.0789344558527937,[ 1.89020358e-18  4.85858364e-18 -3.22095036e-17]
202,Plier,8978,4491,triangles,0.3623694289775916,[-2.78686075e-04 -2.54634266e-04 -5.97723347e-05],8978,4491,0.04884456328836857,[ 2.70275403e-16 -2.40296476e-18 -7.18826765e-17]
217,Plier,10398,5201,triangles,0.3593750046346678,[-1.35737462e-04 -2.09304246e-04 -4.68074364e-05],10398,5201,0.0578242381731625,[-2.50573985e-16 -2.79770439e-18  2.88282291e-16]
201,Plier,8970,4487,triangles,0.3608341755832218,[-2.94208780e-04 -2.55351279e-04 -6.05677900e-05],8970,4487,0.049461806528206025,[ 1.81404059e-16 -1.58355858e-17 -7.45200400e-17]
211,Plier,8564,4284,triangles,0.3693003373206993,[-3.23329160e-04 -2.49041291e-04 -8.55740395e-05],8564,4284,0.05214805504647009,[-3.48110896e-17  1.77967079e-17 -2.11794997e-17]
215,Plier,8922,4463,triangles,0.3773432420563325,[-2.69971466e-04 -2.55223440e-04 -5.62931698e-05],8922,4463,0.04981638328329098,[1.06090604e-16 4.23108501e-18 1.72441542e-16]
203,Plier,7808,3906,triangles,0.3613252882697981,[-2.95496721e-04 -2.95993612e-04 -7.05612417e-05],7808,3906,0.04870169593113552,[1.04058538e-16 4.49979986e-18 4.99543514e-17]
220,Plier,8910,4457,triangles,0.3315536805158451,[-0.00017398 -0.00021766 -0.00025014],8910,4457,0.061624577000688616,[-1.54203178e-16  6.83925531e-18 -1.13749909e-16]
213,Plier,7922,3963,triangles,0.32452441487630396,[-3.56536388e-04 -2.68129199e-04 -5.95139776e-05],7922,3963,0.05014145898832111,[ 2.26779091e-17  5.77803429e-18 -1.85324322e-16]
207,Plier,10400,5202,triangles,0.3873538341981029,[-1.71680527e-04 -2.14746529e-04 -5.01823505e-05],10400,5202,0.059421365477261255,[ 5.43426639e-18 -2.80523661e-17  1.68267510e-16]
219,Plier,7880,3942,triangles,0.33712614541121755,[-0.00019305 -0.00026833 -0.00055185],7880,3942,0.04754360322332503,[ 2.26262157e-16  6.01696451e-18 -1.29272544e-17]
210,Plier,11012,5508,triangles,0.3935127740473591,[-2.53216558e-04 -1.85776836e-04 -6.23239475e-05],11012,5508,0.06490461119344906,[-1.12057196e-16  2.09218737e-17 -5.88269045e-17]
216,Plier,8952,4478,triangles,0.38347455539457614,[-2.49673705e-04 -2.55783020e-04 -5.64215300e-05],8952,4478,0.04988124593921782,[-3.10034366e-17 -1.02297550e-17  4.69991521e-16]
204,Plier,8810,4407,triangles,0.3700792402806589,[-3.14021706e-04 -2.46213756e-04 -9.53063269e-05],8810,4407,0.050908636756665925,[-2.72643265e-17 -3.69810610e-17  4.21372087e-17]
65,Airplane,12892,6448,triangles,1.0582831866108602,[-0.00010315 -0.00016404 -0.0001409 ],12892,6448,0.1324602305595246,[-3.04965894e-16  1.31430054e-16 -1.09877030e-17]
64,Airplane,13590,6797,triangles,1.3904676607442563,[-0.00018046 -0.00015623 -0.00013815],13590,6797,0.1737275477793949,[ 1.41497492e-16  1.04407026e-16 -1.63871009e-17]
63,Airplane,11034,5519,triangles,1.3619553700008462,[-2.29533792e-04 -2.62140887e-04 -7.67440412e-05],11034,5519,0.17023647800302416,[ 3.08841757e-16  5.20630779e-17 -3.09611208e-16]
61,Airplane,10796,5400,triangles,0.700764390990962,[-0.00016048 -0.00021791 -0.00020142],10796,5400,0.0902968546847737,[ 2.08166817e-18 -1.62293019e-18  2.83505215e-17]
69,Airplane,13398,6701,triangles,1.018567266426791,[-7.78190471e-05 -1.69419303e-04 -1.51117707e-04],13398,6701,0.14595880180130189,[ 7.09079158e-16 -3.51956521e-17 -9.36344243e-17]
74,Airplane,10084,5044,triangles,1.0504667530501128,[-0.00014614 -0.00023453 -0.0002085 ],10084,5044,0.13790302439806917,[ 1.48432350e-16 -5.63365549e-17  2.40594866e-17]
66,Airplane,15474,7739,triangles,0.8021998276931455,[-5.38356706e-05 -1.32384557e-04 -1.17515038e-04],15474,7739,0.10125320466709203,[ 9.99831938e-17 -1.46327366e-17  1.10563685e-17]
71,Airplane,11694,5849,triangles,1.3905484258874146,[-9.35146310e-05 -2.03860034e-04 -1.78365363e-04],11694,5849,0.17557622677400403,[-3.14682220e-17 -2.97486243e-16 -1.67807581e-18]
78,Airplane,14936,7470,triangles,1.991263141085433,[-6.08965604e-05 -1.46235710e-04 -1.15304730e-04],14936,7470,0.2506090809792478,[ 4.85627361e-16 -1.98882447e-16  2.53274272e-17]
62,Airplane,11234,5619,triangles,1.3857701841881107,[-2.18294331e-04 -2.51828026e-04 -4.99715731e-05],11234,5619,0.17396341364516305,[-5.62854325e-17  4.52689042e-17 -6.20215354e-17]
77,Airplane,13170,6587,triangles,1.4093180196277284,[-1.71950394e-04 -1.48284085e-04 -3.81440922e-05],13170,6587,0.17657505362692344,[-1.18435236e-16 -1.56829589e-17  6.05240201e-16]
72,Airplane,10452,5228,triangles,1.083659219417183,[-0.00019984 -0.00022797 -0.00020283],10452,5228,0.13753341114301396,[-1.81624353e-16 -2.92633383e-17  9.20451974e-19]
79,Airplane,13374,6689,triangles,1.7489894663588235,[-0.00014242 -0.00016998 -0.00014155],13374,6689,0.22794354861587068,[ 9.32755808e-16 -2.33312398e-17  3.14216021e-17]
70,Airplane,11258,5631,triangles,0.9948133614843078,[-0.00012243 -0.00022318 -0.00018624],11258,5631,0.12469956740542597,[-8.12260932e-17  9.16325856e-17  4.80297519e-17]
80,Airplane,14698,7351,triangles,1.6008958440686503,[-0.00013211 -0.00015928 -0.0001287 ],14698,7351,0.21550866405060828,[ 5.93012542e-16 -1.45010706e-16  4.32031336e-17]
75,Airplane,17354,8679,triangles,0.829978015803292,[-1.96690619e-04 -6.43569894e-05 -1.97534764e-05],17354,8679,0.10408526682698525,[-2.75349126e-17  2.69784579e-17 -8.19811247e-18]
68,Airplane,11162,5583,triangles,0.9936486019441747,[-2.91270004e-04 -4.58218566e-05 -1.64176078e-04],11162,5583,0.17230252646380512,[ 3.34453940e-17 -4.13226481e-17  9.81736037e-18]
73,Airplane,10214,5109,triangles,1.2217886126703654,[-0.00014501 -0.00023247 -0.00020635],10214,5109,0.15973680699718681,[-5.52143909e-17 -7.11898733e-17 -8.93608386e-18]
67,Airplane,15298,7651,triangles,1.351757739542602,[-5.98913893e-05 -1.39977211e-04 -1.19510291e-04],15298,7651,0.16981853929638027,[-2.75887012e-18 -1.74050060e-16  2.65334923e-17]
76,Airplane,11842,5923,triangles,1.229752933397435,[-5.39692393e-05 -1.43723018e-04 -3.06445313e-05],11842,5923,0.15471068178856362,[ 7.97269889e-17 -1.50357150e-16  1.01637867e-17]
194,Hand,16938,8471,triangles,0.9229842801325023,[-1.10655888e-04 -4.05003830e-05 -9.36084345e-05],16938,8471,0.11916642525457127,[ 3.59669960e-17  3.28342136e-17 -3.18545279e-17]
181,Hand,14480,7242,triangles,1.2216300539775695,[-1.57545218e-04 -2.03791141e-04 -4.01159200e-05],14480,7242,0.15648006197307873,[-9.77371280e-17  2.87462987e-17  1.14693918e-16]
190,Hand,14996,7500,triangles,0.9593572687247026,[-6.22355752e-05 -2.83825721e-05 -2.34992945e-05],14996,7500,0.13326476603536008,[ 7.71975076e-17  3.98103772e-16 -2.78980542e-17]
195,Hand,17044,8524,triangles,0.907102966076195,[-4.38196044e-05 -3.10948985e-05 -2.15243018e-05],17044,8524,0.1211381247532465,[ 3.30924349e-16 -3.65946063e-16 -3.36910814e-16]
191,Hand,27528,13766,triangles,2.5764283771774084,[-8.80704744e-05 -9.67024867e-05 -4.15709505e-05],27528,13766,0.3572842201055639,[3.17262349e-16 6.54300495e-17 1.05267950e-16]
188,Hand,17202,8603,triangles,2.4375745968352,[-0.00010059 -0.00016413 -0.00014023],17202,8603,0.3247856740782018,[-3.09784551e-16  2.02668451e-16 -7.26942497e-17]
189,Hand,28164,14084,triangles,2.1374596435034863,[-6.17543896e-05 -6.13823449e-05 -2.35512535e-05],28164,14084,0.5062689928718755,[-1.13773423e-16 -6.27121505e-17 -5.04483797e-17]
183,Hand,22822,11413,triangles,1.9791902821292262,[-1.16463070e-04 -1.05951928e-04 -7.66683782e-05],22822,11413,0.2518416765820939,[3.46938615e-17 1.38726808e-16 1.57136490e-16]
187,Hand,15256,7628,triangles,1.2334891666828722,[-1.48710818e-04 -1.90847202e-04 -3.74374230e-05],15256,7628,0.15715186208919593,[1.01649156e-16 2.44785220e-17 1.13991436e-16]
184,Hand,9366,4685,triangles,1.1342960005263214,[ 8.26828218e-05 -1.44818628e-04  4.50822208e-04],9366,4685,0.1487556558337188,[-3.64051253e-17  1.83336389e-17  2.87093958e-17]
198,Hand,19124,9564,triangles,0.7188535354161527,[-3.50662789e-06 -5.44667953e-06 -1.01359654e-04],19124,9564,0.09001312236069337,[-2.06128100e-17  5.19053061e-17 -7.13855760e-17]
185,Hand,4974,2489,triangles,0.5967843356045645,[ 0.00133744 -0.00085445  0.0070758 ],4974,2489,0.07806779659951701,[ 1.45635925e-17  1.40506329e-17 -4.08918022e-17]
192,Hand,13978,6991,triangles,1.2342795736068735,[-6.51078002e-05 -4.20683141e-05 -2.82266669e-05],13978,6991,0.1591160723311306,[-7.27814636e-17 -7.26544176e-18  5.44014840e-17]
200,Hand,3026,1515,triangles,1.46197330943883,[ 3.30215094e-04 -7.76108718e-05 -2.43484810e-05],3026,1515,0.20886656376039966,[-3.35631779e-17  7.01813012e-17 -6.78774968e-18]
193,Hand,14624,7314,triangles,0.7347724279309469,[-1.18914706e-04 -4.26641746e-05 -9.96805835e-05],14624,7314,0.09695723827056707,[3.89845540e-17 1.19909855e-16 4.73768777e-17]
186,Hand,13210,6607,triangles,1.1703743723250486,[-1.38040374e-04 -2.06605037e-04 -4.11351371e-05],13210,6607,0.1569247189303182,[ 7.26604169e-17 -3.49895852e-17  7.82088015e-17]
197,Hand,15102,7553,triangles,0.9625371266289672,[-1.12002296e-04 -4.37514115e-05 -8.55083070e-05],15102,7553,0.12084249651575328,[ 7.66052785e-18 -4.28111288e-17 -9.29534338e-18]
182,Hand,20562,10283,triangles,1.6587169039382077,[-8.39015224e-05 -5.28213063e-05 -7.08447390e-05],20562,10283,0.22478412922292332,[-1.45557521e-16 -3.71765597e-16 -2.17165853e-16]
196,Hand,14220,7112,triangles,1.234355750352522,[-5.85848274e-05 -3.79521474e-05 -2.45461345e-05],14220,7112,0.15819631757935007,[-6.96816370e-17 -3.32329308e-17  1.63663062e-16]
199,Hand,17290,8647,triangles,1.085802745007267,[-4.44806326e-05 -4.50504820e-05 -1.60001542e-05],17290,8647,0.15729836193876878,[ 7.95529300e-17  7.15013415e-16 -1.81067656e-17]
374,Vase,29744,14872,triangles,0.8854340786376181,[ 5.85283492e-06 -4.35214544e-05 -6.11817932e-06],29744,14872,0.12008574252227001,[2.39681349e-16 2.93235454e-16 6.42024984e-17]
365,Vase,27028,13514,triangles,3.8798919259131717,[4.56664391e-05 2.06577027e-05 1.14877918e-05],27028,13514,0.6781254315741528,[ 8.71812791e-17 -1.57599256e-16  2.86986983e-16]
363,Vase,26864,13434,triangles,0.5955328425322222,[ 4.20957619e-06 -4.75633611e-05 -6.78476354e-06],26864,13434,0.07480646845130355,[-4.21984334e-17  6.41888362e-17 -2.41019902e-19]
370,Vase,27836,13920,triangles,2.2598870214025277,[ 6.67242783e-06 -2.15027172e-06 -9.16194448e-06],27836,13920,0.2916537973497554,[1.09272624e-16 2.13311169e-16 1.81398426e-16]
364,Vase,27100,13548,triangles,2.201564269535548,[ 4.51184361e-05 -1.81278686e-05  9.91219742e-06],27100,13548,0.47983695600811005,[-2.23456341e-16 -1.22587126e-16 -1.00401923e-16]
366,Vase,21274,10637,triangles,1.5888748801194588,[ 2.16072566e-06 -4.38455805e-05 -2.26169048e-05],21274,10637,0.20904570929027413,[-1.23158354e-16 -2.01225966e-16 -7.17751827e-17]
373,Vase,21112,10556,triangles,1.2294440352994649,[ 3.72874781e-06 -4.23882501e-06 -7.60967954e-06],21112,10556,0.15646600079883236,[ 1.55136472e-16  2.63892262e-16 -1.33974028e-16]
376,Vase,25132,12568,triangles,2.4565354865282676,[ 4.38207107e-05  4.05927620e-05 -4.13049914e-05],25132,12568,0.309939701898981,[7.02054033e-17 7.26662524e-17 1.26589541e-16]
367,Vase,7800,3900,triangles,2.0657416934798065,[-0.00052909 -0.00029982 -0.00024395],7800,3900,0.29442900938643746,[ 1.49993977e-16  4.08149298e-17 -3.30220182e-17]
362,Vase,28952,14476,triangles,0.8897584639560081,[ 6.18203474e-06 -2.49521637e-05 -1.03250254e-06],28952,14476,0.11470838547418576,[7.73842934e-18 1.02706750e-16 1.29500774e-16]
375,Vase,23520,11762,triangles,1.4358236752027773,[ 2.58333330e-06  4.42590397e-05 -3.62544815e-05],23520,11762,0.19771200971073413,[-3.20456314e-17 -2.01712855e-17 -5.70426398e-17]
369,Vase,27212,13606,triangles,2.2928842815075248,[-5.85739767e-06  8.72845314e-06  5.55235441e-06],27212,13606,0.3473538728022955,[-8.47232520e-17 -1.52043681e-16 -1.01947580e-16]
378,Vase,13368,6684,triangles,1.299210919949836,[-1.05633150e-04 -2.72588790e-05  1.87092088e-05],13368,6684,0.34087425992688963,[-1.86091916e-16  4.93197145e-17 -1.01986376e-17]
361,Vase,29734,14859,triangles,2.0481928305757875,[-2.66053172e-05 -6.34881978e-05 -1.23019554e-05],29734,14859,0.26278653358788967,[-4.00017263e-17 -1.09688367e-16  1.21950716e-16]
379,Vase,13842,6923,triangles,2.016465857829566,[-0.00029688 -0.0001715  -0.00013421],13842,6923,0.29363684213018515,[-1.18023339e-16 -8.82341049e-17 -7.19969127e-17]
368,Vase,22400,11202,triangles,1.7677268365073477,[ 3.50673988e-05  1.97204606e-05 -2.20796893e-05],22400,11202,0.45665647312671165,[ 2.02058042e-16 -1.07697184e-16  1.41825491e-17]
371,Vase,29194,14599,triangles,2.235372352579391,[ 8.00833783e-06 -4.44048733e-05 -9.77569105e-06],29194,14599,0.29057731773621737,[ 5.62221989e-17  3.04917784e-16 -1.14230572e-16]
377,Vase,30342,15169,triangles,1.1377741305969127,[ 1.11801684e-06 -9.81751655e-05  7.94150613e-08],30342,15169,0.1422110321895432,[ 1.28039037e-16 -1.34684713e-16  4.44813793e-17]
380,Vase,18708,9356,triangles,1.5628586764082124,[-4.45701766e-05 -2.04455580e-05 -9.43449055e-07],18708,9356,0.1953997845075661,[-1.48475717e-16 -1.33276305e-16 -2.71778289e-17]
372,Vase,13368,6684,triangles,1.332580663400845,[-1.06025278e-04 -2.22550452e-05  1.36683488e-05],13368,6684,0.35870394735308797,[ 5.77618278e-17 -6.36376715e-18 -1.51546938e-17]
337,Mech,23062,11533,triangles,3.3185449665211646,[7.58127588e-05 3.08414764e-05 8.39781164e-07],23062,11533,0.5274883693173279,[ 2.36209984e-16  2.08245032e-16 -4.46779814e-16]
335,Mech,29986,14995,triangles,1.6921733185612178,[-1.11508172e-04 -1.52331995e-04 -1.11528567e-05],29986,14995,0.3957094060906963,[-2.42223077e-15  8.80405193e-16  7.38877671e-17]
327,Mech,29870,14937,triangles,2.2370248443986736,[-1.63686903e-05 -1.11304158e-05  5.97877982e-04],29870,14937,0.627235354207107,[-1.16870521e-14  2.21836489e-16  4.98249003e-16]
339,Mech,29996,15000,triangles,1.7144895122069097,[ 3.60564294e-05  1.22919726e-05 -1.75651938e-05],29996,15000,0.27372689505318637,[-2.71090742e-15 -1.62034090e-15  2.33998006e-17]
325,Mech,29994,14999,triangles,2.4744245464900847,[ 2.48788570e-05 -1.71859954e-05  6.59495138e-04],29994,14999,0.5286868357841918,[ 4.15053092e-15 -4.64357682e-16  7.49106313e-16]
336,Mech,31006,15505,triangles,1.0281596350174387,[-7.87290762e-07 -4.74915348e-07 -1.86835648e-06],31006,15505,0.13178694504757538,[1.63158177e-15 1.85775291e-16 1.21728920e-16]
331,Mech,29996,15000,triangles,1.7153837823587716,[3.53135983e-05 2.15455163e-05 6.58092290e-04],29996,15000,0.27372733420826073,[-3.46411418e-15  2.18436380e-16 -8.41178978e-17]
330,Mech,29996,15000,triangles,1.72220958487811,[-2.20155353e-06 -2.68439438e-05  6.53010886e-04],29996,15000,0.38418289829410945,[-1.41739768e-15 -1.13546395e-15 -2.75398223e-16]
328,Mech,29984,14994,triangles,1.7540555799561104,[-0.0001091  -0.00020096  0.00051515],29984,14994,0.37111423525887255,[8.12802614e-15 1.05805498e-15 4.40449923e-16]
340,Mech,29990,14997,triangles,1.599552734668027,[-1.08196856e-05  7.71274178e-06 -6.17893799e-05],29990,14997,0.6924471109315649,[-3.69589817e-15  5.35974842e-18 -2.17085542e-16]
329,Mech,29994,14999,triangles,1.7253968124821892,[-5.51839513e-05  4.22147780e-06  6.64332978e-04],29994,14999,0.3782542250967,[-2.89685011e-15 -2.21843641e-15  7.60016832e-17]
332,Mech,29990,14997,triangles,1.7230891957572188,[ 2.41711573e-06 -1.04063361e-04  6.71747367e-04],29990,14997,0.2888715004689878,[-2.74641023e-15 -8.99388363e-16  2.21968725e-16]
333,Mech,29880,14942,triangles,1.6559526499687265,[-3.15028543e-05  5.83091508e-06  6.88488587e-04],29880,14942,0.2810470305467792,[ 3.86265404e-16  3.48057556e-15 -5.91463849e-17]
338,Mech,38802,19403,triangles,2.026871146754592,[-0.00023709 -0.00022098 -0.00027504],38802,19403,0.3423044236797242,[ 8.38569423e-16  3.71697124e-15 -7.66693597e-17]
321,Mech,29986,14995,triangles,1.6904691207872722,[-0.00011104 -0.00014666  0.00061639],29986,14995,0.39570956389119794,[ 2.89414300e-15 -6.58822409e-16 -5.85578786e-17]
322,Mech,29978,14991,triangles,1.6927959794320004,[-0.00019746 -0.0002946   0.00045511],29978,14991,0.3989789742081383,[ 2.98257739e-15 -2.08968139e-15 -7.66439736e-17]
323,Mech,29978,14991,triangles,1.6886732379607186,[-3.46006654e-06 -9.03581859e-05  5.57066100e-04],29978,14991,0.39753599434315123,[-6.51005350e-16  1.77960804e-16  1.19318796e-16]
326,Mech,29986,14995,triangles,2.3708184721734598,[-1.67436227e-05 -3.32480471e-05  6.75145291e-04],29986,14995,0.6485697715435446,[1.00714665e-14 5.16921913e-16 8.11841795e-16]
324,Mech,29620,14812,triangles,2.4802130950068015,[ 0.00701989 -0.00337424  0.00032263],29620,14812,0.8625335441274258,[-1.21090913e-15 -1.31964533e-16 -1.18308680e-16]
334,Mech,29990,14997,triangles,1.6013577502281247,[-1.04532207e-05  1.01756110e-05  5.05876353e-04],29990,14997,0.6924466846847663,[-2.36399329e-15  8.91039667e-17  4.40032384e-17]
121,Octopus,11888,5944,triangles,1.6446508439060532,[-0.00019738 -0.00020571 -0.00016668],11888,5944,0.211094373274887,[-1.10433944e-17 -3.44119641e-17 -1.47906773e-16]
127,Octopus,23808,11906,triangles,2.4922759936271324,[-2.72539962e-05 -1.03970824e-04 -4.50244439e-05],23808,11906,0.5901304659369265,[-1.53274606e-16  1.09357953e-16 -5.25877939e-17]
125,Octopus,2682,1343,triangles,0.8851684065363451,[0.05728353 0.03880309 0.21408114],2682,1343,0.4489043130167657,[ 1.34334506e-17  1.25241093e-17 -3.59861475e-18]
124,Octopus,6198,3101,triangles,1.867220131263664,[-0.00038649 -0.00036659 -0.00025314],6198,3101,0.3106879499388927,[ 6.24433322e-17  2.40131377e-17 -2.27880347e-17]
134,Octopus,21860,10932,triangles,2.333335827020739,[-8.86348802e-05 -2.25882696e-05 -5.09270237e-05],21860,10932,0.4930186494208775,[ 1.15748519e-16  1.61163618e-16 -1.71217778e-16]
123,Octopus,30982,15493,triangles,1.9258615449608514,[-7.49077287e-05 -2.23483409e-05 -1.71725040e-05],30982,15493,0.6572154516518114,[3.33808585e-17 1.36332492e-17 4.40817947e-16]
135,Octopus,30398,15201,triangles,1.9957293888669967,[-6.34195270e-05 -5.33345517e-05 -2.16716670e-05],30398,15201,0.5591387548133664,[ 4.07140205e-16 -1.56184226e-16 -1.34259905e-16]
137,Octopus,18244,9124,triangles,1.4927409992551874,[-1.25269649e-04 -2.15615856e-05 -3.91568911e-05],18244,9124,0.4451855902637092,[-2.18001733e-16  6.89402381e-18 -8.80336040e-17]
131,Octopus,22098,11051,triangles,2.3462344102226913,[-9.22764410e-05 -6.53060712e-05 -1.96965220e-05],22098,11051,0.588150767032245,[-1.72240099e-16 -1.02096113e-16 -1.23540065e-16]
133,Octopus,20932,10466,triangles,2.014186100166434,[-7.80855130e-05 -9.29469481e-05 -3.83886666e-05],20932,10466,0.38377979480292956,[-3.08663429e-17 -5.53599886e-17 -4.00545264e-16]
132,Octopus,15620,7812,triangles,0.569299092212056,[-1.52740668e-04 -1.44243774e-04 -3.58466637e-05],15620,7812,0.07734731161135987,[3.28830025e-16 5.42711748e-17 2.93638144e-16]
139,Octopus,16030,8017,triangles,1.1774169050230963,[-4.18003261e-05 -5.16314416e-05 -8.53321233e-05],16030,8017,0.33562834347922177,[-1.95833121e-17 -5.55211047e-17  1.04723895e-16]
128,Octopus,12324,6164,triangles,1.3994877061055666,[-1.53178652e-04 -1.75197398e-04 -4.12776301e-05],12324,6164,0.2570540607850784,[ 1.72261081e-16  6.71251305e-17 -6.60118005e-18]
122,Octopus,14498,7251,triangles,1.8589520610705708,[-0.00014525 -0.00014692 -0.00011694],14498,7251,0.27911479493741914,[-1.09762947e-16  1.01146508e-16  2.00051823e-17]
130,Octopus,15490,7747,triangles,2.032917298016659,[-1.22440473e-04 -1.23612998e-04 -8.30960362e-05],15490,7747,0.4406629245554023,[3.22716338e-16 5.50633073e-17 2.40536977e-18]
136,Octopus,28248,14126,triangles,1.816258162802954,[-6.77597473e-05 -5.72220944e-05 -2.94618046e-05],28248,14126,0.5763336542695126,[-1.96707769e-16 -1.76982565e-16 -2.14228402e-16]
129,Octopus,12284,6144,triangles,2.2312779718246794,[-0.00019295 -0.0001673  -0.000129  ],12284,6144,0.34053217072957565,[-8.84528272e-18 -2.26462729e-17 -1.29562160e-17]
126,Octopus,12646,6325,triangles,2.625792904567141,[-1.45960692e-04 -1.90846022e-04 -4.35999742e-05],12646,6325,0.47444002190987195,[ 5.30954288e-17 -1.52129078e-17  6.39365592e-17]
138,Octopus,19184,9594,triangles,1.8451110017277157,[-1.80942008e-04 -1.43836443e-04 -4.86773388e-05],19184,9594,0.4397443644392189,[-1.53604574e-17  6.12349793e-17 -4.12283415e-17]
140,Octopus,18396,9200,triangles,2.1633925650072636,[-8.20180974e-05 -1.04082378e-04 -6.58465330e-05],18396,9200,0.35544301034326586,[-4.20979676e-17  1.03425722e-16 -3.65378018e-17]
398,FourLeg,2956,1480,triangles,0.4256203780056117,[-1.49357459e-03 -1.91099239e-03  8.81235929e-05],2956,1480,0.053480042744677214,[ 1.92263622e-16 -6.35752712e-17  4.36025090e-19]
383,FourLeg,26658,13331,triangles,0.9815395954100649,[-0.00120564 -0.00713632 -0.02962027],26658,13331,0.12733711639614437,[ 2.33781022e-17 -9.72350831e-17 -8.43566709e-17]
400,FourLeg,7402,3703,triangles,0.9113779559643655,[-5.24270080e-06 -8.17175255e-05 -2.25761527e-04],7402,3703,0.1192832025803166,[ 3.73010051e-17 -3.51685554e-17  1.53149427e-16]
397,FourLeg,14532,7268,triangles,0.9518431973449569,[ 4.32888260e-06 -3.74170773e-05 -1.16854797e-04],14532,7268,0.2092774162084665,[ 3.99721533e-17  5.50108787e-17 -6.50125095e-17]
385,FourLeg,20868,10436,triangles,1.1875244532805196,[-8.11925002e-05 -2.10617444e-05 -1.11116409e-06],20868,10436,0.15526054628221625,[-2.73938701e-17  1.59671688e-16  2.67529068e-17]
382,FourLeg,16152,8078,triangles,1.400916783076226,[ 7.26486604e-06 -8.84711480e-05 -7.54893725e-05],16152,8078,0.3540561970862575,[-5.28491517e-17  8.09783865e-17  1.84544685e-17]
390,FourLeg,18474,9239,triangles,0.8856492920137334,[1.34224662e-05 8.69011146e-05 3.23233298e-05],18474,9239,0.13217498280973422,[ 4.87562631e-17 -2.21850836e-17  1.38883024e-17]
395,FourLeg,22620,11312,triangles,2.1548935754284235,[-6.76024686e-06  1.62822020e-05  3.71465646e-03],22620,11312,0.2754512868752952,[ 4.49575549e-16  5.38389956e-16 -2.54234521e-16]
387,FourLeg,29356,14680,triangles,1.5694571811864177,[ 2.02604909e-04 -1.30119623e-04  3.58339508e-05],29356,14680,0.26890275093516675,[ 6.18677074e-17  3.03118112e-16 -4.07967257e-17]
388,FourLeg,16818,8411,triangles,1.2699404972809951,[-1.02492695e-04  5.12546207e-06 -9.78018127e-07],16818,8411,0.15972694269044138,[-2.12151463e-17  1.41731301e-18 -4.55619109e-17]
393,FourLeg,19510,9757,triangles,0.8810126692258379,[ 4.01729971e-06  9.50265046e-05 -5.55419002e-05],19510,9757,0.26403092712924725,[-2.65856996e-17 -1.18293313e-16 -8.86858487e-17]
394,FourLeg,18014,9009,triangles,0.8615371265249028,[-0.01202073  0.00057451 -0.01432607],18014,9009,0.20089210263620072,[ 6.49016490e-17  1.20107794e-17 -4.04687938e-17]
386,FourLeg,4170,2087,triangles,2.2391018117527373,[-1.33122009e-04 -7.24944991e-05 -2.04061750e-05],4170,2087,0.4195626171060111,[-7.52904899e-18 -9.97112737e-18 -2.58604297e-17]
399,FourLeg,7818,3911,triangles,1.392750817633065,[-4.69150429e-05  1.86306132e-04 -1.72185105e-04],7818,3911,0.25960772175898855,[2.12903930e-17 4.39007903e-17 7.66241242e-17]
391,FourLeg,8626,4315,triangles,0.8627856034380168,[-3.28345646e-05  1.21207028e-04  1.57150130e-04],8626,4315,0.16326095747463765,[-1.88644645e-17  8.54215630e-18 -3.07208874e-17]
389,FourLeg,18976,9490,triangles,1.2343640259418382,[ 7.70109399e-05 -2.40261616e-05  1.24076190e-04],18976,9490,0.2848325255144033,[ 9.70713967e-18  2.02975442e-17 -8.44512377e-17]
384,FourLeg,9420,4712,triangles,1.0038631998338323,[-9.99219464e-05 -3.09943427e-04 -2.44421391e-04],9420,4712,0.1259205823955365,[1.27674470e-16 4.99182143e-16 4.73588345e-17]
381,FourLeg,13872,6938,triangles,0.9913709219493814,[0.02971289 0.00052208 0.00014312],13872,6938,0.14723858545284196,[-9.06876829e-17 -8.11704568e-18  6.28160923e-17]
396,FourLeg,11072,5538,triangles,0.9372135690624929,[ 1.16510006e-03 -1.13445538e-03 -8.37834285e-05],11072,5538,0.21597794739599308,[-2.00360875e-16  7.21103687e-17  5.26118012e-18]
392,FourLeg,17232,8618,triangles,1.1906436943212295,[-1.05694199e-04 -8.48873034e-06  2.04528234e-06],17232,8618,0.15112702605446274,[-8.27643052e-17  2.76113584e-16  1.01255827e-16]

min,-1,2682,1343,-1,0.00027445782498503485,[-0.01202073 -0.33502841 -0.23887671],2682,1343,0.008901919138502478,[-1.16870521e-14 -2.83536800e-15 -8.98472619e-16]
max,-1,55644,27824,-1,5.144361786226933,[0.13883099 0.34080377 0.90360471],55644,27824,0.8625335441274258,[1.00714665e-14 3.71697124e-15 1.52486130e-15]
average,-1,20444.363157894735,10223.713157894737,-1,1.4173937417163107,[ 0.00048396 -0.00104291  0.0040811 ],20444.363157894735,10223.713157894737,0.25010658431384164,[ 1.83108187e-17 -6.42257334e-18  1.63101806e-18]
